,show,similar,words
0,Better Off Ted,The Office,"['people', 'date', 'company', 'work', 'world']"
1,Terra Nova,MacGyver,"['dad', 'Man', 'power', 'people', 'years']"
2,One Piece,Dune,"['boat', 'pirate', 'navy', 'world', 'ship']"
3,Horace and Pete,It's Always Sunny in Philadelphia,"['bar', 'people', 'place', 'family', 'law']"
4,Batman_ The Animated Series,Undercover,"['police', 'money', 'boss', 'business', 'father']"
5,American Idol,The Voice,"['music', 'voice', 'hollywood', 'people', 'baby']"
6,The Good Place,Beauty and the Beast,"['person', 'mate', 'life', 'soul', 'people']"
7,Perception,How to Get Away with Murder,"['guy', 'job', 'people', 'drug', 'government']"
8,Masters of Horror,F Is for Family,"['house', 'mikey', 'town', 'son', 'people']"
9,Everybody Loves Raymond,"Beverly Hills, 90210","['day', 'house', 'family', 'kids', None]"
10,Altered Carbon,Sanctuary,"['ride', 'stack', 'people', 'baby', 'fuck']"
11,Breaking Bad,Ray Donovan,"['hell', 'money', 'day', 'I--', 'guy']"
12,Elementary,CSI_ NY,"['wife', 'people', 'years', 'case', 'days']"
13,Lie to Me,How to Get Away with Murder,"['truth', 'years', 'murder', 'car', 'life']"
14,Deadwood,Justified,"['morning', 'fuckin', 'fuck', 'people', 'business']"
15,Eureka,MacGyver,"['job', 'martha', 'people', 'town', None]"
16,Last Man Standing,The Middle,"['dad', 'honey', 'bear', 'day', 'school']"
17,Masters of Sex,The Secret Life of the American Teenager,"['study', 'work', 'sex', 'VIRGINIA', 'Libby']"
18,24_ Live Another Day,24,"['country', 'intercept', 'order', 'head', 'president']"
19,Das Boot,The Orville,"['tommies', 'boats', 'boat', 'captain', 'lieutenant']"
20,Fresh Off the Boat,Modern Family,"['friends', 'people', 'baby', 'day', 'school']"
21,Human Target,Leverage,"['life', 'train', 'hell', 'brakes', 'guy']"
22,CSI_ Miami,CSI_ Crime Scene Investigation,"['car', 'guy', 'money', 'blood', None]"
23,Mildred Pierce,The Nanny,"['job', 'tips', 'dinner', 'girls', 'people']"
24,The Fosters,The Secret Life of the American Teenager,"['mom', 'girl', 'baby', 'school', 'kids']"
25,Gomorrah,Defiance,"['father', 'hell', 'place', 'money', 'son']"
26,Hannah Montana,Two and a Half Men,"['love', 'school', 'girl', 'house', 'butta']"
27,Mistresses,How I Met Your Mother,"['life', 'day', 'lot', 'place', 'baby']"
28,Two and a Half Men,That '70s Show,"['guy', 'life', 'kid', 'brother', 'house']"
29,Narcos,Chicago P.D.,"['people', 'business', 'sir', 'brother', 'money']"
30,Shadowhunters_ The Mortal Instruments,The Originals,"['blood', 'people', 'Mom', 'head', 'world']"
31,Royal Pains,Hart of Dixie,"['lot', 'doctor', 'hospital', 'dad', 'party']"
32,Entourage,BoJack Horseman,"['shit', 'girl', 'movie', 'guy', 'night']"
33,Samurai Champloo,The Mighty Boosh,"['ijust', 'dream', 'feet', 'hell', 'son']"
34,The Nanny,Mike & Molly,"['years', 'guy', 'life', 'school', 'kids']"
35,Once Upon a Time in Wonderland,Looking,"['proof', 'wishes', 'hell', 'girl', 'house']"
36,Dharma & Greg,The Simpsons,"['baby', 'day', 'girl', 'checkout', 'mother']"
37,"I, Claudius",Poldark,"['sea', 'father', 'mother', 'wife', 'years']"
38,Shameless,Parenthood,"['people', 'baby', 'day', None, None]"
39,Law & Order,Major Crimes,"['jury', 'guy', 'client', 'years', 'gun']"
40,Moonlighting,Columbo,"['life', 'money', 'people', 'relationship', 'car']"
41,Las Vegas,Lilyhammer,"['problem', 'casino', 'guy', 'people', 'phone']"
42,Andromeda,Battlestar Galactica,"['minutes', 'tunnel', 'commonwealth', 'ship', 'captain']"
43,SGU Stargate Universe,Stargate_ Atlantis,"['sir', 'gate', 'life', 'ship', 'people']"
44,Touch,Bates Motel,"['son', 'money', 'number', 'phone', 'today']"
45,Crazy Ex-Girlfriend,Mistresses,"['sex', 'idea', 'life', 'love', None]"
46,Spin City,Lois & Clark_ The New Adventures of Superman,"[None, None, None, None, None]"
47,Mighty Morphin Power Rangers,Stargate_ Atlantis,"['RANGERS', 'POWER', None, None, None]"
48,Master of None,Mad About You,"['birthday', 'music', 'house', 'phone', 'kid']"
49,666 Park Avenue,2 Broke Girls,"['job', 'night', 'building', 'place', 'lot']"
50,Grey's Anatomy,ER,"['life', 'people', 'surgery', 'patient', 'hospital']"
51,Hawaii Five-0,The Mentalist,"['father', 'people', 'guy', 'years', None]"
52,And Then There Were None,TURN_ Washington's Spies,"['madam', 'gentlemen', 'MacARTHUR', 'MAN', 'room']"
53,The Angry Video Game Nerd,Regular Show,"['point', 'games', 'game', 'code', 'hearts']"
54,A Young Doctor's Notebook & Other Stories,The Kingdom,"['morphine', 'Doctor', 'quart', 'lot', 'doctor']"
55,Twin Peaks,Only Fools and Horses....,"['tomorrow', 'night', 'room', 'day', None]"
56,Life,CSI_ Miami,"['crews', 'life', 'kid', 'water', 'ice']"
57,The Blue Planet,Blue Planet II,"['ocean', 'sardines', 'sea', 'eggs', 'water']"
58,The Tomorrow People,Heroes,"['father', 'dad', 'ones', 'powers', 'WOMAN']"
59,Luke Cage,House of Lies,"['brother', 'money', 'shit', 'people', 'life']"
60,In the Flesh,iZombie,"['rotter', 'people', 'son', 'bit', 'night']"
61,Parenthood,Shameless,"['job', 'family', 'lot', 'mom', 'dad']"
62,The Young Pope,The Borgias,"['years', 'Holiness', 'house', 'life', 'sins']"
63,Cheers,Will & Grace,"['everybody', 'lot', 'bar', 'Woody', 'life']"
64,Gilmore Girls,Modern Family,"['life', 'day', 'night', None, None]"
65,Life on Mars,Luther,"['night', 'day', 'life', 'hell', 'sir']"
66,The Leftovers,American Dad!,"['place', 'birthday', 'people', 'years', 'car']"
67,Houdini,My Wife and Kids,"['people', 'bullet', 'escape', 'years', 'life']"
68,Weeds,Rescue Me,"['people', 'lot', 'mom', 'house', 'shit']"
69,The Avengers_ Earth's Mightiest Heroes,Young Justice,"['Level', 'armor', 'lot', 'question', 'Threat']"
70,Superman,Salvation,"['truth', 'council', 'career', 'end', 'world']"
71,Star-Crossed,Terra Nova,"['program', 'years', 'people', 'day', 'Thanks']"
72,Erased,The Wonder Years,"['girl', 'curry', 'heart', 'years', 'night']"
73,Lois & Clark_ The New Adventures of Superman,Homeland,"['people', 'Luthor', 'kind', 'woman', None]"
74,Nashville,Empire,"['lot', 'song', 'night', 'tonight', 'love']"
75,Wynonna Earp,The Vampire Diaries,"['revenants', 'heir', 'gun', 'sister', None]"
76,This Is Us,One Tree Hill,"['life', 'hell', 'birthday', 'father', 'baby']"
77,Cobra Kai,Animal Kingdom,"['life', 'car', 'hell', 'day', 'guy']"
78,Boss,House of Cards,"['today', 'vote', 'mayor', 'city', 'years']"
79,Evil Genius_ The True Story of America's Most Diabolical Bank Heist,NCIS_ New Orleans,"['pizza', 'device', 'case', 'collar', 'bomb']"
80,The Librarians,Warehouse 13,"['magic', 'crown', 'stone', 'people', 'world']"
81,House,Grey's Anatomy,"['patient', 'brain', 'people', 'doctor', 'heart']"
82,Rick and Morty,Animal Kingdom,"['deer', 'seeds', 'Summer', 'hell', None]"
83,7th Heaven,The O.C.,"['wedding', 'guy', 'dog', 'house', 'church']"
84,The Brink,The Americans,"['Man', 'guy', 'hell', 'people', 'embassy']"
85,The Mick,Animal Kingdom,"['day', 'hell', 'guy', 'money', 'sister']"
86,Feud,Smash,"['people', 'work', 'stars', 'women', 'girl']"
87,Medium,Without a Trace,"['life', 'night', 'people', 'school', None]"
88,The Good Fight,The Good Wife,"['lawyer', 'dad', 'people', 'HENRY', 'money']"
89,Extant,MI-5,"['son', 'people', 'security', 'day', 'footage']"
90,Dawson's Creek,"Beverly Hills, 90210","['girl', 'day', 'life', 'summer', ""l'm""]"
91,The New Batman Adventures,Legends,"['game', 'countdown', 'kid', 'night', 'trouble']"
92,Arrow,Blue Bloods,"['night', 'guy', 'people', 'city', None]"
93,Police Squad!,Agent Carter,"['bullet', 'teller', 'story', 'tyre', 'money']"
94,30 Rock,Revenge,"['woman', 'night', 'job', 'work', 'people']"
95,Fringe,"Magnum, P.I.","['agent', 'life', 'years', 'father', 'lab']"
96,Dollhouse,Scrubs,"['life', 'world', 'girl', 'people', None]"
97,Castle,Unforgettable,"['case', 'money', 'people', 'guy', None]"
98,Gotham,Power,"['crime', 'city', 'people', 'day', None]"
99,Dark Angel,Homeland,"['you.-', 'Eyes', 'friend', 'night', 'life']"
100,Outsourced,Better Off Ted,"['team', 'cheese', 'cow', 'mistletoe', 'manager']"
101,Mom,The Secret Life of the American Teenager,"['years', 'day', 'life', 'money', 'mother']"
102,Young Justice,The Avengers_ Earth's Mightiest Heroes,"['project', 'team', 'NIGHTWING', 'weapon', 'day']"
103,Life's Too Short,Extras,"['times', 'tax', 'comedy', 'bit', 'actor']"
104,The Cosby Show,Video Game High School,"[None, None, None, None, None]"
105,TURN_ Washington's Spies,The Musketeers,"['sir', 'night', 'father', 'men', 'house']"
106,Danny Phantom,Manhunt_ Unabomber,"['EM', None, None, None, None]"
107,Angels in America,iZombie,"['baby', 'years', 'world', 'fuck', 'men']"
108,Phineas and Ferb,Jimmy Kimmel Live!,"['hockey', 'roller', 'midnight', 'ball', 'boys']"
109,Wonderfalls,Weeds,"['lot', 'mother', 'WOMAN', 'ass', 'sister']"
110,Body of Proof,Bones,"['guy', 'house', 'head', 'car', 'morning']"
111,Ray Donovan,Sons of Anarchy,"['guy', 'shit', 'people', 'fuck', None]"
112,The Voice,American Idol,"['cheers', 'coaches', 'music', 'applause', 'years']"
113,Under the Dome,The Returned,"['people', 'father', 'egg', 'hell', 'dome']"
114,Dead Like Me,The Simpsons,"['life', 'job', 'day', 'death', 'people']"
115,Red Dwarf,Futurama,"['sun', 'fun', 'years', 'sir', 'ship']"
116,Little Britain,Will & Grace,"['lady', 'bit', 'people', 'gay', None]"
117,Gypsy,Mike & Molly,"['day', 'kind', 'phone', 'honey', None]"
118,Bob's Burgers,The Simpsons,"['butt', 'boy', 'people', 'day', None]"
119,Chappelle's Show,Key and Peele,"['years', 'chappelle', 'shit', 'lot', 'people']"
120,The Legend of Korra,Arrow,"['world', 'city', 'people', 'airbenders', 'airbender']"
121,Coupling,American Horror Story,"['women', 'people', 'woman', 'leg', 'bit']"
122,Graceland,Southland,"['sir', 'agent', 'guy', 'day', 'gun']"
123,Legends of Tomorrow,Heroes,"['world', 'years', 'Savage', 'ship', 'history']"
124,Scorpion,MacGyver,"['seconds', 'hackers', 'people', 'plane', 'signal']"
125,Top Gear,The Grand Tour,"['car', 'speed', 'cars', 'bit', 'people']"
126,Without a Trace,Pretty Little Liars,"['day', 'phone', 'bus', 'kid', 'guy']"
127,Supernatural,The Vampire Diaries,"['demon', 'brother', 'hell', 'dad', 'people']"
128,Counterpart,Moonlighting,"['people', 'wife', 'room', 'world', 'years']"
129,Suburgatory,The Simpsons,"['Tessa', 'mom', 'day', 'place', 'mother']"
130,The Big C,Scrubs,"['people', 'house', 'lot', 'day', 'life']"
131,NCIS_ Los Angeles,The Blacklist,"['Deeks', 'phone', 'guy', 'people', None]"
132,Being Human (US),Being Human,"['blood', 'people', 'life', 'friend', 'point']"
133,Zoey 101,Pinky and the Brain,"['FrozenthroneA', None, None, None, None]"
134,The League,Friday Night Lights,"['draft', 'year', 'pick', 'league', None]"
135,Taboo,Ripper Street,"['son', 'father', 'sir', 'years', 'day']"
136,The Night Manager,Covert Affairs,"['night', 'bar', 'friend', 'room', 'moment']"
137,Hemlock Grove,American Horror Story,"['family', 'mother', 'people', 'guy', 'life']"
138,Don't Trust the B---- in Apartment 23,You're the Worst,"['years', 'money', 'hell', 'friends', 'life']"
139,Sharp Objects,You're the Worst,"['girl', 'wife', 'night', 'story', 'hell']"
140,Torchwood,"Magnum, P.I.","['day', 'hell', 'people', 'life', None]"
141,Firefly,Timeless,"['work', 'captain', 'job', 'day', 'ship']"
142,Human Planet,Blue Planet II,"['ocean', 'sea', 'fish', 'fishermen', 'divers']"
143,The Returned,Bates Motel,"['Ad', 'week', 'city', 'night', ""l'm""]"
144,Sacred Games,Money Heist,"['father', 'asshole', 'mother', 'days', 'story']"
145,Almost Human,Nikita,"['people', 'day', 'years', 'Thanks', 'calibration']"
146,Lucifer,The Mentalist,"['people', 'hell', 'guy', 'devil', None]"
147,Empire,Ray Donovan,"['family', 'ass', 'baby', 'life', 'love']"
148,Through the Wormhole,Farscape,"['world', 'particles', 'universe', 'brain', 'years']"
149,Bitten,Being Human,"['son', 'wolf', 'guy', 'phone', 'life']"
150,The Mechanism,Ozark,"['money', 'phone', 'deal', 'car', 'daughter']"
151,Keeping Up Appearances,The Amazing World of Gumball,"[None, None, None, None, None]"
152,The Bridge,Elementary,"['Marco', 'police', 'Saga', 'Sonya', 'car']"
153,The Fresh Prince of Bel-Air,Raising Hope,"['house', 'Jazz', 'Daddy', 'baby', 'Mom']"
154,Ugly Betty,Mistresses,"['day', 'magazine', 'apartment', 'people', None]"
155,Line of Duty,Police Squad!,"['suspect', 'police', 'night', 'case', 'officer']"
156,Generation Kill,Band of Brothers,"['shit', 'people', 'fuck', 'country', 'sir']"
157,Killing Eve,"Murder, She Wrote","['job', 'witness', 'morning', 'woman', 'rest']"
158,The Amazing World of Gumball,The Last Man on Earth,"['baby', 'fire', 'Mom', 'Alligators', 'consequences']"
159,Cold Case,One Tree Hill,"['day', 'mike', 'night', 'years', 'people']"
160,The OA,Ray Donovan,"['eyes', 'house', 'people', 'son', 'years']"
161,Psych,NYPD Blue,"['case', 'job', 'guy', 'dad', None]"
162,The Tudors,Reign,"['wife', 'daughter', 'marriage', 'love', 'king']"
163,Lost,Haven,"['people', 'guy', 'boat', 'island', None]"
164,The Incredible Hulk,Legion,"['kid', 'friend', 'creature', 'life', 'car']"
165,Disenchantment,Dead Like Me,"['wedding', 'life', 'guy', 'day', 'people']"
166,Melissa & Joey,The Americans,"['job', 'school', 'people', 'day', 'guy']"
167,The Goldbergs,90210,"['year', 'mom', 'dad', 'love', 'day']"
168,Endeavour,Midsomer Murders,"['girl', 'bit', 'place', 'years', 'night']"
169,Freaks and Geeks,The Cosby Show,"['dd', None, None, None, None]"
170,Vikings,Salem,"['woman', 'land', 'brother', 'father', 'gods']"
171,Looking,Fresh Meat,"['tonight', 'party', 'place', 'guy', 'people']"
172,Agents of S.H.I.E.L.D.,Nikita,"['life', 'guy', 'place', 'people', None]"
173,Rome,Reign,"['family', 'men', 'eagle', 'wife', 'children']"
174,Rizzoli & Isles,Homicide_ Life on the Street,"['father', 'lot', 'mother', 'gun', 'people']"
175,Angel,The Vampire Diaries,"['life', 'place', 'lot', 'people', None]"
176,The Keepers,The Missing,"['information', 'nun', 'story', 'somebody', 'car']"
177,Full House,Modern Family,"['girls', 'honey', 'baby', 'day', None]"
178,The Blacklist,NCIS_ Los Angeles,"['people', 'years', 'eaz', 'girl', 'money']"
179,Regular Show,According to Jim,"['game', 'taxi', 'hole', 'park', 'Pops']"
180,The Carrie Diaries,New Girl,"['mother', 'dad', 'girls', 'fun', 'mom']"
181,Falling Skies,Terra Nova,"['people', 'color=""#D900D9', 'war', 'hell', 'kids']"
182,Stranger Things,The Goldbergs,"['girl', 'night', 'No', 'Mom', 'hell']"
183,Cougar Town,Two and a Half Men,"['life', 'night', 'dad', 'baby', 'voice']"
184,Crossing Lines,Elementary,"['evidence', 'scene', 'crime', 'years', 'court']"
185,The 4400,Everwood,"['world', 'day', 'kind', 'lot', 'people']"
186,Ghost Whisperer,Raising Hope,"['night', 'son', 'father', 'spirits', 'people']"
187,Shooter,Nikita,"['hell', 'shot', 'shit', 'font', None]"
188,Downton Abbey,Midsomer Murders,"['house', 'life', 'day', 'course', 'night']"
189,"Sabrina, the Teenage Witch",Dawson's Creek,"['school', 'room', 'dance', 'people', 'job']"
190,Boston Legal,Bull,"['people', 'Denny', 'client', 'case', None]"
191,Episodes,BoJack Horseman,"['night', 'job', 'bit', 'people', 'money']"
192,Jericho,Lois & Clark_ The New Adventures of Superman,"['people', 'hell', 'bus', 'town', 'days']"
193,Blindspot,Sherlock,"['tattoos', 'lot', 'people', 'body', 'life']"
194,Mr Selfridge,Endeavour,"['day', 'money', 'morning', 'sir', 'store']"
195,Black Lightning,Second Chance,"['years', 'people', 'girls', 'police', 'powers']"
196,"Magnum, P.I.",Endeavour,"['night', 'car', 'sir', None, None]"
197,Naruto,Heroes,"['graduation', 'village', 'ramen', 'scroll', 'parents']"
198,Little House on the Prairie,Godless,"['church', 'plow', 'Ingalls', 'house', 'bed']"
199,Lovesick,New Girl,"['people', 'lot', 'bar', 'girl', 'guy']"
200,MI-5,Homeland,"['people', 'car', 'life', 'bomb', None]"
201,The Staircase,The Fall,"['blood', 'people', 'dad', 'somebody', 'night']"
202,Growing Pains,The Simpsons,"['Mom', 'kids', 'years', 'work', 'kid']"
203,The Adventures of Sherlock Holmes,Ripper Street,"['matter', 'woman', 'sir', 'friend', 'photograph']"
204,Big Mouth,Workaholics,"['penis', 'girl', 'hell', 'dance', None]"
205,Monk,Columbo,"['guy', 'car', 'people', 'sir', 'dog']"
206,Robin Hood,The Musketeers,"['day', 'today', 'friend', 'people', 'men']"
207,Faking It,Dawson's Creek,"['friend', 'night', 'school', 'friends', 'summer']"
208,ALF,The King of Queens,"['house', 'kate', 'week', 'willie', 'lynn']"
209,Death in Paradise,Midsomer Murders,"['sir', 'night', 'years', 'bit', 'morning']"
210,Avatar_ The Last Airbender,Dune,"['fire', 'avatar', 'years', 'water', 'brother']"
211,Ghost in the Shell_ Stand Alone Complex,24_ Live Another Day,"['secretary', 'life', 'military', 'device', 'geisha']"
212,Future Man,Z Nation,"['people', 'shit', 'game', 'video', 'fuck']"
213,Ascension,Taken,"['captain', 'ship', 'people', 'place', 'father']"
214,Castlevania,Taboo,"['woman', 'world', 'humanity', 'war', 'people']"
215,Victorious,iCarly,"['school', 'day', 'action', 'lee', 'song']"
216,Girl Meets World,90210,"['hole', 'place', 'school', 'life', 'people']"
217,Dead Set,Peep Show,"['fuck', 'mum', 'bit', 'hell', 'night']"
218,Sherlock,Columbo,"['years', 'people', 'bit', 'case', 'phone']"
219,Teen Titans,Agents of S.H.I.E.L.D.,"['friends', 'future', 'world', None, None]"
220,V,Sanctuary,"['Mom', 'mother', 'son', 'visitors', 'people']"
221,Godless,Lonesome Dove,"['son', 'sir', 'town', 'week', 'boys']"
222,American Horror Story,Shameless,"['house', 'night', 'world', 'people', 'place']"
223,Legends,Burn Notice,"['minutes', 'hell', 'life', 'contact', 'people']"
224,Santa Clarita Diet,The Big C,"['car', 'life', 'honey', 'house', 'people']"
225,NCIS,NCIS_ Los Angeles,"['people', 'car', 'boss', 'job', 'father']"
226,Magnificent Century,Game of Thrones,"['father', 'sultan', 'wish', 'palace', 'girls']"
227,Teen Titans Go!,The End of the F___ing World,"['face', 'pie', 'friends', 'love', 'friend']"
228,Magic City,Ringer,"['tonight', 'hotel', 'life', 'night', 'boy']"
229,Bull,Boston Legal,"['years', 'night', 'friend', 'liver', 'jury']"
230,Gravity Falls,Are You Afraid of the Dark_,"['book', 'party', 'sister', 'tonight', 'town']"
231,Mad Men,The Sinner,"['people', 'office', 'girl', 'work', None]"
232,Reno 911!,The Night Of,"['baby', 'lot', 'day', 'game', 'lady']"
233,Dragon Ball Z Kai,Star-Crossed,"['battle', 'school', 'years', 'people', 'world']"
234,Atlanta,The Boondocks,"['paper', 'alligator', 'ass', 'blo', 'house']"
235,Dexter,The Shield,"['life', 'guy', 'people', 'case', 'night']"
236,Tales from the Crypt,Oz,"['death', 'IT', 'job', 'money', None]"
237,Flashforward,Extant,"['people', 'rock', 'future', 'office', 'vision']"
238,Penn & Teller_ Bullshit!,The Mighty Boosh,"['doctor', 'school', 'cheerleading', 'cheerleaders', 'varsity']"
239,Stargate_ Atlantis,Stargate SG-1,"['people', 'city', 'sir', 'ship', 'power']"
240,Vice Principals,Animal Kingdom,"['people', 'principal', 'shit', 'school', 'ass']"
241,Money Heist,Roswell,"['phone', 'money', 'job', 'robbery', 'life']"
242,Absolutely Fabulous,Mike & Molly,"['sweetheart', 'day', 'sweetie', 'life', 'door']"
243,Psycho-Pass,One Punch Man,"['product', 'problem', 'bother', 'brand', 'detector']"
244,The Lost Room,Grimm,"['people', 'room', 'guy', 'daughter', 'objects']"
245,My Little Pony_ Friendship Is Magic,The Magicians,"['friends', 'pony', 'ponies', 'friendship', 'magic']"
246,DuckTales,The Mighty Boosh,"['money', 'day', 'GOLD', 'lads', 'boys']"
247,Marcella,The Bridge,"['wall', 'prison', 'school', 'years', 'night']"
248,The Killing,Southland,"['case', 'school', 'house', 'door', 'car']"
249,The Vampire Diaries,Supernatural,"['life', 'town', 'day', 'vampire', 'blood']"
250,Dirk Gently's Holistic Detective Agency,Unforgettable,"['case', 'guy', 'people', 'detective', 'day']"
251,Parks and Recreation,Unbreakable Kimmy Schmidt,"['lot', 'government', 'town', 'people', 'office']"
252,Malcolm in the Middle,Home Improvement,"['day', 'son', 'family', 'people', None]"
253,Happy Endings,Two and a Half Men,"['Penny', 'friend', 'people', 'life', 'girl']"
254,Ally McBeal,Boston Legal,"['woman', 'love', 'people', 'money', 'day']"
255,Tin Man,Defiance,"['life', 'storm', 'mother', 'tin', 'city']"
256,Knight Rider,Human Target,"['lot', 'life', 'people', 'car', None]"
257,Vinyl,Nashville,"['record', 'baby', 'people', 'music', 'fuck']"
258,Brothers & Sisters,One Tree Hill,"['Mom', 'mom', 'mother', 'family', None]"
259,The Adventures of Tintin,The Expanse,"['ship', 'sir', 'meteorite', 'gentlemen', 'www']"
260,Reba,The Shannara Chronicles,"['bok', 'angel', 'earth', 'dog', 'wings']"
261,From Dusk Till Dawn_ The Series,Animal Kingdom,"['brother', 'hell', 'people', 'place', 'car']"
262,The Simpsons,Two and a Half Men,"['day', 'people', 'life', 'father', 'job']"
263,The Unit,NCIS,"['husband', 'president', 'team', 'mission', 'sir']"
264,Friends,New Girl,"['mom', 'people', 'guy', 'night', None]"
265,Hot in Cleveland,Grace and Frankie,"['sex', 'woman', 'years', 'husband', 'Elka']"
266,Pushing Daisies,The Following,"['years', 'girl', 'WHO', 'SOMETHING', 'dog']"
267,Jessie,iCarly,"['kids', 'nanny', 'candy', 'science', 'party']"
268,American Vandal,According to Jim,"['lot', 'students', 'lemonade', 'day', 'school']"
269,Veronica Mars,Cold Case,"['dad', 'night', 'school', 'car', 'people']"
270,JAG,The Unit,"['hell', 'officer', ""ma'am"", 'night', 'Harm']"
271,Star Trek_ The Next Generation,Star Trek_ Voyager,"['Captain', 'Enterprise', 'ship', 'Data', 'sir']"
272,The Good Wife,The Good Fight,"['campaign', 'case', 'Honor', 'court', 'years']"
273,American Crime Story,Blue Bloods,"['police', 'family', 'case', 'life', 'night']"
274,How to Get Away with Murder,Drop Dead Diva,"['night', 'case', 'class', 'people', 'job']"
275,Broadchurch,Endeavour,"['night', 'body', 'beach', 'people', 'days']"
276,Homeland,MI-5,"['people', 'music', 'room', 'day', 'years']"
277,Schitt's Creek,Bates Motel,"['room', 'people', 'family', 'motel', 'bag']"
278,Mr. Bean,Black Books,"['praise', 'trigonometry', 'gentlemen', 'ladies', 'calculus']"
279,Chilling Adventures of Sabrina,Once Upon a Time,"['club', 'baptism', 'witch', 'school', 'girl']"
280,iCarly,Bob's Burgers,"['bo', 'kids', 'hair', 'bush', 'party']"
281,Black Sails,Babylon 5,"['captain', 'fuck', 'place', 'ship', 'crew']"
282,Farscape,Star Trek_ The Next Generation,"['sir', 'ship', 'planet', 'command', 'Pilot']"
283,Bones,Body of Proof,"['evidence', 'years', 'victim', 'people', 'guy']"
284,Humans,Extant,"['Eyes', 'day', 'years', 'humans', 'people']"
285,One Punch Man,Party Down,"['brand', 'businessman', 'work', 'bet', 'product']"
286,Black Books,Superstore,"['day', 'Part', 'piano', 'shop', 'weekend']"
287,Fuller House,Full House,"['day', 'baby', 'party', 'house', 'school']"
288,Camelot,Merlin,"['mother', 'father', 'son', 'king', 'child']"
289,Wentworth,Rookie Blue,"['music', 'job', 'prison', 'women', 'prisoners']"
290,Mike & Molly,Will & Grace,"['day', 'hell', 'car', 'police', 'life']"
291,The Resident,House,"['life', 'surgery', 'heart', 'blood', 'patient']"
292,Invader ZIM,Doctor Who,"['squirrel', 'alien', 'planet', 'tape', 'doom']"
293,Greek,Awkward.,"['president', 'house', 'guy', 'night', 'party']"
294,Roseanne,Catastrophe,"['baby', 'head', 'BE', 'IT', 'FIX']"
295,Seinfeld,Will & Grace,"['fruit', 'dog', 'guy', 'night', 'people']"
296,MythBusters,The A-Team,"['cup', 'grenade', 'water', 'tape', 'island']"
297,Star Trek_ Discovery,Star Trek_ Voyager,"['Number', 'field', 'seconds', 'years', 'ship']"
298,The Pacific,Band of Brothers,"['japs', 'birthday', 'fire', 'war', 'marines']"
299,Olive Kitteridge,The Simpsons,"['mother', 'deer', 'truck', 'people', 'son']"
300,Transparent,United States of Tara,"['people', 'sex', 'dad', 'house', 'kids']"
301,War & Peace,Ripper Street,"['father', 'war', 'boy', 'son', 'course']"
302,Blue Planet II,The Blue Planet,"['seas', 'sea', 'creatures', 'waves', 'surface']"
303,The X-Files,Caprica,"['body', 'life', 'work', 'Mulder', None]"
304,Stargate SG-1,Stargate_ Atlantis,"['ships', 'gate', ""Teal'c"", 'ship', 'people']"
305,What I Like About You,Friends,"['life', 'chuckles', 'night', 'sister', 'sighs']"
306,The Musketeers,TURN_ Washington's Spies,"['life', 'men', 'cardinal', 'Musketeers', 'king']"
307,Married with Children,Gilmore Girls_ A Year in the Life,"['day', 'honey', 'house', 'dog', 'kids']"
308,Glee,Dawson's Creek,"['day', 'school', 'year', 'kids', 'life']"
309,Battlestar Galactica,Star Trek_ Deep Space Nine,"['people', 'ships', 'life', 'ship', 'fleet']"
310,Drop Dead Diva,How to Get Away with Murder,"['life', 'office', 'court', 'years', 'case']"
311,"Murder, She Wrote",Columbo,"['woman', 'years', 'morning', 'police', 'room']"
312,The Affair,The Secret Life of the American Teenager,"['house', 'book', 'kids', 'school', 'father']"
313,iZombie,Lost Girl,"['night', 'people', 'brains', 'zombies', 'zombie']"
314,Johnny Bravo,Bob's Burgers,"['mama', ""l'm"", 'day', 'mister', 'kid']"
315,John Adams,The Crown,"['people', 'soldiers', 'jury', 'men', 'crowd']"
316,The Ricky Gervais Show,Doctor Who,"['film', 'stuff', 'bit', 'brain', 'tie']"
317,Scream Queens,The Big C,"['year', 'hospital', 'girl', 'girls', 'people']"
318,Ripper Street,Wallander,"['sir', 'world', 'friend', 'day', 'work']"
319,CSI_ NY,Elementary,"['guy', 'night', 'crime', 'phone', 'body']"
320,Code Geass_ Lelouch of the Rebellion,Dragon Ball Z Kai,"['terrorists', 'poison', 'gas', 'student', 'people']"
321,Killjoys,Person of Interest,"['warrant', 'shit', 'people', 'ship', None]"
322,Blue Mountain State,Friday Night Lights,"['shit', 'coach', 'pic', 'picture', 'dick']"
323,Atypical,Portlandia,"['twat', 'date', 'penguins', 'school', 'ice']"
324,Sneaky Pete,Chicago P.D.,"['mother', 'money', 'gun', 'guy', 'years']"
325,Numb3rs,Roswell,"['people', 'car', 'guy', 'work', None]"
326,Grounded for Life,Mike & Molly,"['watch', 'secret', 'dad', 'IT', 'quarters']"
327,Lethal Weapon,Southland,"['life', 'guy', 'day', 'head', 'hell']"
328,Damages,Ally McBeal,"['case', 'Hewes', 'years', 'Parsons', 'family']"
329,Jeeves and Wooster,Seinfeld,"['hat', 'bit', ""l'm"", 'sir', None]"
330,The Good Doctor,The Knick,"['surgery', 'heart', 'hospital', 'day', 'life']"
331,The Mindy Project,Mistresses,"['date', 'people', 'sex', 'woman', 'life']"
332,Rules of Engagement,Mistresses,"['stuff', 'night', 'day', None, None]"
333,The 10th Kingdom,11.22.63,"['years', 'dog', 'door', 'people', 'kingdom']"
334,Pinky and the Brain,Zoey 101,"['BRAIN', None, None, None, None]"
335,Agent Carter,The Blacklist,"['idea', 'lake', 'war', 'day', 'lady']"
336,Fleabag,Lovesick,"['pants', 'night', 'bit', 'morning', 'business']"
337,NewsRadio,The Newsroom,"['job', 'office', 'news', 'guy', 'sports']"
338,The Exorcist,American Horror Story,"['you.-', 'boy', 'friend', 'door', 'voice']"
339,An Idiot Abroad,Aqua Teen Hunger Force,"['color=""lime""', 'color=""white""', 'color=""yellow""', 'color=""cyan""', 'bit']"
340,Orange Is the New Black,Weeds,"['phone', 'fuck', 'day', 'girl', 'shit']"
341,Dracula,The Night Manager,"['sir', 'Order', 'business', 'power', 'tonight']"
342,Lonesome Dove,Godless,"['horses', 'horse', 'pigs', 'herd', 'boys']"
343,Teenage Mutant Ninja Turtles,Red Dwarf,"['turtle', 'laser', 'power', 'turtles', 'dudes']"
344,Pan Am,Ascension,"['life', 'stewardess', 'world', 'love', 'clipper']"
345,Revolution,Colony,"['mom', 'people', 'hell', 'power', 'brother']"
346,Bodyguard,Line of Duty,"['past', ""ma'am"", 'job', 'threat', 'toilet']"
347,Wizards of Waverly Place,Jessie,"[""l'm"", 'stuff', 'sale', 'people', 'wand']"
348,Beavis and Butt-Head,Dead Like Me,"['Porn', 'vampires', 'porn', 'chicks', 'job']"
349,Strike Back,Burn Notice,"['shit', 'sir', 'girl', 'men', 'fuck']"
350,The Defenders,Person of Interest,"['case', 'city', 'people', 'sighs', 'life']"
351,The Missing,Wallander,"['people', 'years', 'scarf', 'boy', 'girl']"
352,Alias Grace,Miss Fisher's Murder Mysteries,"['night', 'place', 'doctor', 'governor', 'father']"
353,Clerks,House of Lies,"['hell', 'town', 'store', 'coffee', 'bar']"
354,Chip 'n' Dale Rescue Rangers,Final Space,"['Treasure', 'treasure', ""cap'n"", 'ship', ""We've""]"
355,Smash,Nashville,"['song', 'star', 'mama', 'tonight', 'night']"
356,Frequency,The Killing,"['birthday', 'father', 'ham', 'night', 'years']"
357,Undercover,Miami Vice,"['father', 'money', 'job', 'years', 'people']"
358,Dune,Da Vinci's Demons,"['son', 'desert', 'place', 'people', 'water']"
359,Flight of the Conchords,Happy Endings,"['bit', 'band', 'weird.-', 'women', None]"
360,Superstore,You're the Worst,"['sex', 'store', 'day', 'work', 'guy']"
361,Jimmy Kimmel Live!,Jessie,"['lot', 'people', 'candy', 'night', 'kids']"
362,Patrick Melrose,Santa Clarita Diet,"['heroin', 'mother', 'people', 'baby', 'father']"
363,Criminal Minds,NCIS_ Los Angeles,"['phone', 'unsub', 'victims', 'team', 'victim']"
364,Maniac,Sanctuary,"['trial', 'room', 'voices', 'brother', 'pattern']"
365,The Wonder Years,The Simpsons,"['kiss', 'years', 'kids', 'brother', 'bus']"
366,Fear the Walking Dead,The Walking Dead,"['family', 'boat', 'Door', 'Man', 'people']"
367,Shogun,Dune,"['pilot', 'men', 'ship', 'Captain', 'son']"
368,Father Ted,Lovesick,"['racist', 'tea', 'people', 'bit', 'stuff']"
369,Catastrophe,Louie,"['cancer', 'bit', 'baby', 'people', 'house']"
370,Primeval,Red Dwarf,"['anomalies', 'anomaly', 'creatures', 'job', 'people']"
371,Cowboy Bebop,Futurama,"['stuff', 'coyote', 'guy', 'wind', 'north']"
372,Harper's Island,Fresh Off the Boat,"['week', 'friend', 'girl', 'family', 'lot']"
373,Law & Order_ Special Victims Unit,Major Crimes,"['years', 'body', 'girl', 'baby', 'guy']"
374,The Terror,Godless,"['erebus', 'men', 'james', 'king', 'sir']"
375,H2O_ Just Add Water,Storm of the Century,"['moon', 'Emma', 'Rikki', 'tonight', 'water']"
376,"Two Guys, a Girl and a Pizza Place",According to Jim,"['mean', 'hell', 'people', 'lease', 'life']"
377,Hell's Kitchen,Portlandia,"['kitchen', 'dish', 'chefs', 'chef', 'Kitchen']"
378,Shark,Blue Bloods,"['jury', 'job', 'case', 'witness', 'hell']"
379,The Young Ones,The Last Man on Earth,"['letter', 'bit', 'council', 'house', 'world']"
380,Barry,Party Down,"['shit', 'scene', 'money', 'job', 'buddy']"
381,Please Like Me,What I Like About You,"['wop', 'people', 'dad', 'sex', 'baby']"
382,Chuck,Burn Notice,"['computer', 'guy', 'spy', 'job', None]"
383,Goliath,Power,"['case', 'guy', 'boat', 'lot', 'friend']"
384,The IT Crowd,30 Rock,"['problem', 'money', 'bit', 'team', 'people']"
385,Legend of the Seeker,Salem,"['people', 'men', 'life', 'witch', 'father']"
386,Girls,Two and a Half Men,"['friends', 'lot', 'people', 'life', None]"
387,Black Mirror,Brooklyn Nine-Nine,"['bit', 'life', 'Captain', 'game', 'fuck']"
388,Sanctuary,Warehouse 13,"['world', 'people', 'hell', 'blood', 'boy']"
389,How I Met Your Mother,Baby Daddy,"['night', 'day', 'guy', 'wedding', 'girl']"
390,Supergirl,Lois & Clark_ The New Adventures of Superman,"['job', 'world', 'life', 'family', 'cousin']"
391,Da Ali G Show,Life on Mars,"['dog', 'people', 'moon', 'dogs', 'gang']"
392,Family Matters,The Simpsons,"['mother', 'house', 'baby', 'curfew', 'day']"
393,Z Nation,Future Man,"['zombies', 'zombie', 'people', 'baby', 'hell']"
394,Friday Night Lights,One Tree Hill,"['year', 'game', 'coach', 'ball', 'team']"
395,Penny Dreadful,The Shannara Chronicles,"['blood', 'day', 'night', 'world', 'life']"
396,Call the Midwife,The Golden Girls,"['baby', 'home', 'mother', 'night', 'morning']"
397,Big Little Lies,The Nanny,"['people', 'girl', 'Mom', 'mom', 'wind']"
398,The Shannara Chronicles,Merlin,"['people', 'years', 'father', 'magic', 'life']"
399,Boy Meets World,Fresh Off the Boat,"['day', 'place', 'brother', 'life', 'guy']"
400,Marco Polo,Game of Thrones,"['brother', 'men', 'son', 'father', 'day']"
401,The Shield,Chicago P.D.,"['hell', 'money', 'guy', None, None]"
402,The O.C.,The Sopranos,"['life', 'family', 'mom', 'lot', 'Thanks']"
403,UnREAL,Californication,"['people', 'night', 'season', 'guy', 'hell']"
404,Taken,Ascension,"['men', 'Captain', 'night', 'hell', 'day']"
405,Xena_ Warrior Princess,Merlin,"['friend', 'land', 'father', 'Ares', 'war']"
406,Fresh Meat,Peep Show,"['year', 'sex', 'mate', 'bit', 'night']"
407,Terminator_ The Sarah Connor Chronicles,The Blacklist,"['today', 'rules', 'mom', 'computer', 'future']"
408,King of the Hill,Sons of Anarchy,"['gun', 'baby', 'boy', 'dad', 'son']"
409,Bloodline,The Sopranos,"['brother', 'night', 'shit', 'fuck', 'family']"
410,Anne with an E,Anne of Green Gables,"['mind', 'word', 'girl', 'boy', 'day']"
411,The Secret Circle,The Exorcist,"['fire', 'water', 'mother', 'power', 'light']"
412,Bates Motel,Outcast,"['mother', 'room', 'town', 'son', 'motel']"
413,The Alienist,Life on Mars,"['boy', 'whinnies', 'commissioner', 'police', 'Horse']"
414,The Event,The Americans,"['mom', 'room', 'flight', 'sir', 'dad']"
415,Generation War,The Unit,"['hospital', 'brother', 'Winter', 'nurse', 'war']"
416,Miss Fisher's Murder Mysteries,Poirot,"['money', 'sister', 'police', 'woman', 'course']"
417,Hustle,Only Fools and Horses....,"['people', 'lot', 'money', 'con', None]"
418,Justice League,Dominion,"[""J'onn"", 'force', 'fool', 'contact', 'world']"
419,Only Fools and Horses....,Revenge,"['day', 'course', 'years', 'people', 'bit']"
420,New Girl,Friends,"['Jess', 'party', 'girl', None, None]"
421,Franklin & Bash,Suits,"['honor', 'client', 'case', 'firm', 'court']"
422,CSI_ Crime Scene Investigation,CSI_ Miami,"['blood', 'guy', 'brother', 'car', None]"
423,Madam Secretary,House of Cards,"['president', 'news', ""ma'am"", 'world', 'people']"
424,Samurai Jack,Merlin,"['chicken', 'future', 'sword', 'babe', 'fool']"
425,Afro Samurai,Adventure Time,"['son', 'Number', 'god', 'hell', 'guy']"
426,Leverage,Human Target,"['people', 'money', 'mountain', 'guy', None]"
427,Rookie Blue,NYPD Blue,"['day', 'night', 'gun', 'guy', 'girl']"
428,The King of Queens,Seinfeld,"['night', 'IT', 'day', 'honey', None]"
429,3%,Heroes,"['day', 'life', 'candidates', 'test', 'chance']"
430,Mozart in the Jungle,Smash,"['lot', 'conductor', 'orchestra', 'audience', 'maestro']"
431,Poirot,Miss Fisher's Murder Mysteries,"['murder', 'day', 'room', 'sir', 'mother']"
432,Wet Hot American Summer_ First Day of Camp,Undeclared,"['summer', 'counselor', 'ding', 'camp', 'dong']"
433,Columbo,Moonlighting,"['night', ""ma'am"", 'people', 'car', 'sir']"
434,Covert Affairs,NCIS_ Los Angeles,"['people', 'place', 'work', 'job', 'guy']"
435,Impractical Jokers,According to Jim,"['blog', 'buddy', 'guy', 'Laughter', 'today']"
436,Spartacus_ Gods of the Arena,Outlander,"['men', 'years', 'shit', 'games', 'arena']"
437,That's So Raven,Jimmy Kimmel Live!,"['fun', 'stuff', 'vision', 'answers', 'team']"
438,NYPD Blue,Chicago P.D.,"['lot', 'detective', 'hector', 'guy', None]"
439,Trigun,Dead Like Me,"['town', 'kind', 'gun', 'weapon', 'good']"
440,Jessica Jones,Chicago P.D.,"['door', 'guy', 'job', 'case', 'shit']"
441,Bosch,Blue Bloods,"['night', 'case', 'shit', 'day', None]"
442,My Name Is Earl,New Girl,"['life', 'prison', 'guy', 'people', 'list']"
443,Dark Matter,Star Trek_ Deep Space Nine,"['weapons', 'place', 'ship', 'station', 'friends']"
444,Merlin,Xena_ Warrior Princess,"['people', 'king', 'men', 'magic', 'world']"
445,The Suite Life on Deck,The Last Man on Earth,"['microchip', 'life', 'finger', 'guy', 'Cody']"
446,America's Next Top Model,The Carrie Diaries,"['girl', 'competition', 'girls', 'people', 'runway']"
447,My Wife and Kids,Hannah Montana,"['baby', 'color=#38F0DE', 'son', 'dad', 'job']"
448,The Sinner,Mad Men,"['car', 'night', 'morning', 'kid', 'people']"
449,Californication,Two and a Half Men,"['guy', 'love', 'fuck', 'shit', None]"
450,My Mad Fat Diary,Fresh Meat,"['bit', 'people', 'party', 'Rae', 'mum']"
451,24,MI-5,"['president', 'today', 'minutes', 'sir', 'people']"
452,Hellsing,Hellsing Ultimate,"['vampire', 'blood', 'target', 'kind', 'person']"
453,The Man in the High Castle,"Magnum, P.I.","['world', 'men', 'father', 'war', 'film']"
454,Naruto_ ShippĂ»den,Inhumans,"['village', 'bit', 'power', 'training', 'missions']"
455,X-Men,Sanctuary,"['friend', 'mutants', 'world', 'mutant', 'life']"
456,Ergo Proxy,Sanctuary,"['Proxy', 'fuel', 'gun', 'Daedalus', 'Vince']"
457,The Flash,Smallville,"['life', 'dad', 'city', None, None]"
458,Gossip Girl,Outlander,"['mich', 'ich', 'das', 'habe', 'Ich']"
459,Sex and the City,Cheers,"['guy', 'love', 'men', 'date', 'sex']"
460,Flashpoint,Rookie Blue,"['baby', 'Ed', 'team', 'guy', 'job']"
461,The Walking Dead,Justified,"['lot', 'walkers', 'place', 'people', 'hell']"
462,Being Human,Being Human (US),"['vampire', 'blood', 'people', 'house', 'werewolf']"
463,Halt and Catch Fire,Mr. Robot,"['game', 'idea', 'lot', 'people', 'guy']"
464,The Glades,Law & Order_ Criminal Intent,"['house', 'wife', 'years', 'husband', 'family']"
465,Chicago Fire,Rookie Blue,"['Thanks', 'house', 'guy', 'place', None]"
466,The Fall,The Staircase,"['night', ""ma'am"", 'killer', 'murder', 'police']"
467,Charmed,The Originals,"['life', 'demon', 'power', 'witch', 'people']"
468,Wild Wild Country,Arthur,"['community', 'middle', 'world', 'people', 'years']"
469,Sense8,Hemlock Grove,"['life', 'people', 'day', 'language', 'world']"
470,Second Chance,Orphan Black,"['years', 'ba', 'people', 'boom', 'house']"
471,The Black Donnellys,Iron Fist,"['brothers', 'bar', 'day', 'brother', 'truck']"
472,The Thick of It,Veep,"['bit', 'chair', 'school', 'story', 'fuck']"
473,The Last Kingdom,Game of Thrones,"['sword', 'land', 'king', 'lord', 'men']"
474,Long Way Round,Dark Angel,"['world', 'idea', 'trip', 'bike', 'tent']"
475,Louie,Two and a Half Men,"['mom', 'kids', 'friend', 'shit', 'Daddy']"
476,Children of Dune,Da Vinci's Demons,"[""Muad'Dib"", 'spice', 'eyes', 'universe', 'day']"
477,Are You Afraid of the Dark_,Gravity Falls,"['virus', 'fairy', 'story', 'guy', None]"
478,Highlander,Xena_ Warrior Princess,"['years', 'blood', 'life', 'men', None]"
479,Breakout Kings,Unforgettable,"['guy', 'bank', 'money', 'hell', 'prison']"
480,Spider-Man,Crossing Lines,"['prison', 'Spider', 'life', 'fault', 'son']"
481,Smallville,The Flash,"['son', 'day', 'people', 'life', 'father']"
482,Adventure Time,Bob's Burgers,"['dad', 'fire', 'guy', None, None]"
483,Undeclared,Home Improvement,"['fun', 'tonight', 'room', 'bit', 'floor']"
484,TVF Pitchers,Hustle,"['job', 'work', 'company', 'bottle', 'beer']"
485,House of Cards,The West Wing,"['people', 'sir', 'president', 'today', 'years']"
486,South Park,Scrubs,"['sex', 'boy', 'government', 'company', 'people']"
487,The Knick,The Resident,"['mother', 'patient', 'father', 'surgery', 'men']"
488,Banshee,Justified,"['hell', 'day', 'sheriff', 'fuck', None]"
489,My So-Called Life,The Simpsons,"['mean', 'mother', 'hair', 'school', 'yearbook']"
490,Saved by the Bell,Victorious,"['applause', ""l'm"", 'bell', 'plays', 'music']"
491,Ballers,House of Lies,"['lot', 'baby', 'shit', 'fuck', None]"
492,Wallander,Midsomer Murders,"['couple', 'money', 'Thanks', 'father', 'people']"
493,PokĂ©mon,Kyle XY,"['ASH', 'PIKACHU', None, None, None]"
494,13 Reasons Why,You're the Worst,"['picture', 'people', 'trial', 'life', 'story']"
495,Teen Wolf,The Vampire Diaries,"['night', 'girl', 'Alpha', 'dad', 'body']"
496,The Boondocks,Key and Peele,"['people', 'wife', 'day', 'president', 'movie']"
497,Secret Diary of a Call Girl,Moonlighting,"['job', 'bit', 'hour', 'sex', 'people']"
498,Star Wars Rebels,Battlestar Galactica,"['mission', 'shuttle', 'plan', 'ship', 'fleet']"
499,Caprica,The X-Files,"['family', 'daughter', 'life', 'Gods', 'world']"
500,The Haunting of Hill House,Kyle XY,"['kids', 'bed', 'night', 'car', 'house']"
501,Southland,Ray Donovan,"['hell', 'car', 'day', 'night', 'sir']"
502,The A-Team,"Magnum, P.I.","['guy', 'plane', 'people', 'HANNlBAL', None]"
503,True Blood,American Horror Story,"['hell', 'people', 'fuck', 'vampire', 'life']"
504,Arrested Development,The O.C.,"['company', 'father', 'NARRATOR', 'son', 'family']"
505,The Office,Younger,"['bit', 'day', 'lot', 'people', None]"
506,Selfie,Growing Pains,"['friends', 'sales', 'date', 'wedding', 'product']"
507,The New Normal,Weeds,"['baby', 'dad', 'family', 'child', 'life']"
508,Chicago P.D.,The Shield,"['police', 'guy', 'hell', 'cop', None]"
509,American Gods,Only Fools and Horses....,"['job', 'hum', 'wife', 'prison', None]"
510,Treme,The Deuce,"['music', 'city', 'people', 'shit', 'Man']"
511,Zoo,Sanctuary,"['cure', 'team', 'mutation', 'animal', 'animals']"
512,Early Edition,Hustle,"['money', 'place', 'people', 'room', 'day']"
513,The Grand Tour,Top Gear,"['car', 'world', 'cars', 'bit', 'track']"
514,The Last Man on Earth,Mad About You,"['ape', 'water', 'today', 'people', None]"
515,Game of Thrones,Reign,"['father', 'Grace', 'people', 'king', 'men']"
516,Band of Brothers,Generation Kill,"['minutes', 'jump', 'men', 'position', 'company']"
517,The Wire,Justified,"['day', 'fuck', 'shit', 'ass', 'people']"
518,Gilmore Girls_ A Year in the Life,Home Improvement,"['day', 'town', 'house', 'Thanks', 'Mom']"
519,Dr. Horrible's Sing-Along Blog,Storm of the Century,"['Penny', 'Everyone', 'day', 'hero', 'freeze']"
520,Derek,Angels in America,"['mate', 'money', 'home', 'day', 'dad']"
521,Roots,Taboo,"['village', 'warrior', 'men', 'father', 'sir']"
522,Peep Show,Fresh Meat,"['guy', 'mate', 'shit', 'lot', 'bit']"
523,Brooklyn Nine-Nine,Sherlock,"['guy', 'work', 'people', 'sir', 'phone']"
524,Ringer,The Glades,"['color=""#3399FF""', 'years', 'choice', 'pieces', 'guy']"
525,White Collar,Nikita,"['guy', 'place', 'anklet', 'day', 'years']"
526,Inside Amy Schumer,Portlandia,"['night', 'people', 'fudge', 'face', 'milk']"
527,Portlandia,Master of None,"['people', 'guy', 'kind', 'lot', None]"
528,The Deuce,Californication,"['shit', 'baby', 'fuck', 'Man', 'night']"
529,House of Lies,You're the Worst,"['baby', 'shit', 'fuck', None, None]"
530,Sons of Anarchy,Ray Donovan,"['shit', 'hell', 'club', 'boys', None]"
531,Veep,BoJack Horseman,"['campaign', 'people', 'today', 'shit', 'president']"
532,It's Always Sunny in Philadelphia,Curb Your Enthusiasm,"['baby', 'people', 'shit', None, None]"
533,Dekalog,3rd Rock from the Sun,"['language', 'somebody', 'day', 'life', 'milk']"
534,Timeless,Fringe,"['machine', 'mother', 'ship', 'people', None]"
535,"Walker, Texas Ranger",Iron Fist,"['night', 'car', 'town', 'boys', 'money']"
536,The Mist,Anger Management,"['police', 'love', 'mist', 'people', 'football']"
537,Curb Your Enthusiasm,It's Always Sunny in Philadelphia,"['house', 'party', 'night', 'sandwich', 'people']"
538,Victoria,Poldark,"['country', 'color=""#ffff00""', 'color=""#ffffff""', 'color=""#00ffff""', 'color=""#00ff00""']"
539,SpongeBob SquarePants,The Last Man on Earth,"['night', 'puppies', 'brain', 'guy', 'record']"
540,Boardwalk Empire,Revenge,"['day', 'Man', 'wife', 'sir', 'Â¶Â¶']"
541,The Secret Life of the American Teenager,Desperate Housewives,"['friends', 'guy', 'school', 'mom', 'dad']"
542,The Gifted,Arrow,"['car', 'family', 'mutants', 'people', 'place']"
543,The Closer,Blue Bloods,"['night', 'house', 'murder', 'people', 'guy']"
544,Invasion,The Secret Circle,"['Thanks', 'kids', 'lights', 'honey', 'water']"
545,Bored to Death,Mike & Molly,"['phone', 'life', 'pot', 'today', 'sperm']"
546,The Borgias,Da Vinci's Demons,"['Holiness', 'pope', 'need', 'night', 'family']"
547,Misfits,Skins,"['shit', 'guy', 'people', 'worker', 'power']"
548,The Ren & Stimpy Show,CatDog,"['cartoons', 'sir', 'kid', 'cat', 'poem']"
549,Dark,Star-Crossed,"['forest', 'days', 'power', 'school', 'child']"
550,The Magicians,Buffy the Vampire Slayer,"['king', 'magic', 'place', 'people', 'world']"
551,Constantine,iZombie,"['father', 'night', 'friend', 'demon', 'girl']"
552,Law & Order_ Criminal Intent,Major Crimes,"['people', 'wife', 'day', 'murder', 'husband']"
553,North & South,Poldark,"['father', 'children', 'work', 'house', 'home']"
554,Limitless,Second Chance,"['person', 'people', 'dad', 'guy', 'gun']"
555,Trailer Park Boys,Fresh Meat,"['park', 'trailer', 'fuck', 'jail', 'shit']"
556,Wayward Pines,The Returned,"['life', 'people', 'hospital', 'phone', 'town']"
557,Haven,"Magnum, P.I.","['door', 'town', 'trouble', 'barn', 'people']"
558,Dear White People,13 Reasons Why,"['shit', 'phone', 'day', 'people', 'woman']"
559,The Middle,Modern Family,"['dad', 'year', 'people', 'day', 'mom']"
560,Daria,Community,"['glasses', 'car', 'poster', 'school', 'esteem']"
561,Miami Vice,Hustle,"['night', 'business', 'guy', 'people', 'hell']"
562,Young Sheldon,The Fosters,"['dinner', 'boy', 'money', 'hands', 'day']"
563,Hatfields & McCoys,Robin Hood,"['hell', 'uncle', 'family', 'wife', 'pig']"
564,Genius,Legends of Tomorrow,"['painting', 'people', 'sir', 'day', 'friend']"
565,The Crazy Ones,Portlandia,"['meat', 'smile', 'life', 'ketchup', 'baby']"
566,Skam,You're the Worst,"['party', 'bus', 'group', 'guy', 'friends']"
567,Happy!,Ash vs Evil Dead,"['guy', 'people', 'password', 'horse', None]"
568,The Inbetweeners,Will & Grace,"['lot', 'fashion', 'friends', 'money', 'bit']"
569,Heroes Reborn,Person of Interest,"['life', '13th', 'guy', 'place', 'hero']"
570,Desperate Housewives,The Secret Life of the American Teenager,"['day', 'husband', 'people', 'night', 'life']"
571,Buffy the Vampire Slayer,The Vampire Diaries,"['lot', 'vampire', 'people', 'school', None]"
572,Dragon Ball GT,Heroes,"['Everyone', 'kid', 'bit', 'graduation', 'wish']"
573,Luther,The Mentalist,"['police', 'gun', 'people', None, None]"
574,The Muppet Show,Victorious,"['tonight', 'star', 'act', 'mah', 'doo']"
575,12 Monkeys,Legends of Tomorrow,"['world', 'years', 'future', 'mission', 'machine']"
576,The Americans,Revenge,"['life', 'people', 'day', 'night', None]"
577,The Lying Game,Pretty Little Liars,"['family', 'parents', 'life', 'night', 'Thanks']"
578,Workaholics,You're the Worst,"['dude', 'dick', 'guy', 'baby', None]"
579,Fargo,Animal Kingdom,"['babe', 'day', 'fella', 'baby', 'money']"
580,Happy Days,American Dad!,"['day', 'derby', 'rodeo', 'car', 'gentlemen']"
581,Home Improvement,Malcolm in the Middle,"['day', 'birthday', 'girl', None, None]"
582,Jane Eyre,Penny Dreadful,"['fire', 'child', 'master', 'room', 'day']"
583,Hercules_ The Legendary Journeys,Merlin,"['Hercules', 'life', 'friend', 'gods', 'family']"
584,The Following,iZombie,"['people', 'Thanks', 'book', 'Man', 'cult']"
585,Preacher,American Horror Story,"['preacher', 'place', 'heart', 'doo', None]"
586,The Penguins of Madagascar,SpongeBob SquarePants,"['home', 'penguins', 'cat', 'squirrel', 'eyes']"
587,Garth Marenghi's Darkplace,Flashforward,"['life', 'hell', 'doors', 'doctor', 'gates']"
588,The Handmaid's Tale,Hart of Dixie,"['baby', 'husband', 'girls', 'morning', 'shit']"
589,Family Ties,"Beverly Hills, 90210","['money', 'Mom', 'dad', 'night', 'minute']"
590,The Mighty Boosh,The Last Man on Earth,"['bit', 'eyes', 'shop', 'money', 'eels']"
591,CatDog,Aqua Teen Hunger Force,"['dog', 'catdog', 'cat', 'taco', 'food']"
592,The Venture Bros.,Supernatural,"['hell', 'boy', 'guy', 'boys', None]"
593,Roswell,Numb3rs,"['son', 'people', 'hell', 'cadmium', 'case']"
594,Defiance,Sons of Anarchy,"['son', 'family', 'mayor', 'people', 'father']"
595,Billions,Suits,"['office', 'money', 'people', 'day', None]"
596,Justified,Sons of Anarchy,"['gun', 'Raylan', 'money', 'shit', 'Boyd']"
597,Power,Dexter,"['fuck', 'club', 'money', 'night', 'shit']"
598,Longmire,Rizzoli & Isles,"['sheriff', 'people', 'hell', 'guy', 'job']"
599,Spartacus,Spartacus_ Gods of the Arena,"['word', 'blood', 'day', 'numbers', 'men']"
600,Inhumans,The 100,"['head', 'life', 'choice', 'king', 'people']"
601,Lost in Space,Scorpion,"['Mom', 'Penny', 'you.-', 'room', 'steak']"
602,Grace and Frankie,Mistresses,"['night', 'heart', 'house', 'years', 'Mom']"
603,The Big Bang Theory,New Girl,"['font', 'Penny', 'night', None, None]"
604,M_A_S_H,Chicago Fire,"['people', 'night', 'sir', None, None]"
605,Alphas,Agents of S.H.I.E.L.D.,"['day', 'room', 'Hicks', 'people', None]"
606,Star Trek_ Voyager,Star Trek_ The Next Generation,"['crew', 'ship', 'people', 'power', 'course']"
607,Party Down,House of Lies,"['job', 'guy', 'people', 'party', 'fun']"
608,It,Full House,"['day', 'kid', 'boy', 'dad', 'stuff']"
609,2 Broke Girls,Mad Men,"['baby', 'bar', 'people', 'diner', 'dessert']"
610,Revenge,Ray Donovan,"['summer', 'life', 'mother', 'party', 'family']"
611,MacGyver,Agents of S.H.I.E.L.D.,"['life', 'minutes', 'security', 'people', None]"
612,The Newsroom,Covert Affairs,"['news', 'job', 'guy', 'people', None]"
613,Becker,You're the Worst,"['guy', 'people', 'movie', 'doctor', 'movies']"
614,Scandal,Columbo,"['president', 'shutter', 'people', 'job', None]"
615,Runaways,Fuller House,"['Thanks', 'life', 'tonight', 'lot', 'friends']"
616,Westworld,Outlander,"['park', 'world', 'dolores', 'place', 'game']"
617,The Smurfs,Over the Garden Wall,"['crystal', 'ship', 'Papa', 'smurfy', 'ball']"
618,Forever,River,"['lot', 'years', 'conductor', 'bit', 'life']"
619,Making a Murderer,Shark,"['case', 'people', 'person', 'sheriff', 'years']"
620,The Black Adder,Taboo,"['battle', 'hup', 'day', 'horse', 'son']"
621,Castle Rock,Second Chance,"['death', 'MAN', 'state', 'hours', 'alarm']"
622,Suits,Franklin & Bash,"['partner', 'hell', 'firm', 'office', 'case']"
623,The Jinx_ The Life and Deaths of Robert Durst,CSI_ NY,"['guy', 'shutter', 'MAN', 'WOMAN', 'murder']"
624,Unforgettable,Castle,"['guy', 'people', 'case', 'numbers', 'money']"
625,Brickleberry,The Simpsons,"['Miracle', 'liver', 'hell', 'cuh', None]"
626,NCIS_ New Orleans,Burn Notice,"['people', 'city', 'boom', 'lot', 'sniper']"
627,Awake,Life on Mars,"['lot', 'BRITTEN', 'girl', 'car', 'dream']"
628,Last Resort,The Last Ship,"['missile', 'Captain', 'conn', 'captain', 'sir']"
629,Switched at Birth,The Secret Life of the American Teenager,"['people', 'school', 'bay', 'day', 'lot']"
630,Ash vs Evil Dead,It's Always Sunny in Philadelphia,"['years', 'book', 'people', 'town', 'guy']"
631,Babylon 5,Star Trek_ Deep Space Nine,"['war', 'years', 'ship', 'place', 'world']"
632,Pride and Prejudice,Emma,"['sir', 'sister', 'society', 'pleasure', 'sisters']"
633,Dominion,The 100,"['tattoos', 'war', 'father', 'angels', 'tonight']"
634,Outlander,"I, Claudius","['day', 'life', 'wife', 'sea', 'music']"
635,The Last Ship,Battlestar Galactica,"['virus', 'ship', 'cure', 'people', 'world']"
636,Futurama,Doctor Who,"['ice', 'car', 'job', 'love', 'ship']"
637,Blue Bloods,American Crime Story,"['cop', 'police', 'job', 'lot', 'guy']"
638,Goosebumps,My Wife and Kids,"['Man', 'Mom', 'ride', 'wish', 'mask']"
639,Claymore,Penny Dreadful,"['innards', 'monster', 'memories', 'humans', 'people']"
640,Robot Chicken,Rick and Morty,"['life', 'bawk', None, None, None]"
641,Sliders,Quantum Leap,"['world', 'people', 'place', None, None]"
642,Everything Sucks!,American Dad!,"['choir', 'dad', 'daughter', 'principal', 'club']"
643,The World at War,The Crown,"['nazistas', 'years', 'day', 'party', 'war']"
644,Key and Peele,The Cleveland Show,"['guy', 'people', 'ass', 'club', None]"
645,No Ordinary Family,Stranger Things,"['work', 'family', 'plane', 'board', 'bullet']"
646,Frasier,Mistresses,"['wedding', 'life', 'night', 'woman', None]"
647,Alcatraz,Crossing Lines,"['hell', 'scene', 'day', 'transfer', 'years']"
648,Insatiable,Lie to Me,"['chocolate', 'beauty', 'girl', 'guy', 'music']"
649,The Cleveland Show,Two and a Half Men,"['guy', 'friends', 'bird', None, None]"
650,The Originals,The Vampire Diaries,"['brother', 'blood', 'years', 'city', 'vampire']"
651,Tru Calling,"Magnum, P.I.","['day', 'people', 'today', 'music', 'girl']"
652,Scream_ The TV Series,Stranger Things,"['party', 'girl', 'night', 'dad', 'school']"
653,ER,Grey's Anatomy,"['blood', 'chest', 'doctor', 'day', 'guy']"
654,Witches of East End,Once Upon a Time,"['idea', 'pictura', 'girls', 'life', 'spell']"
655,Continuum,MI-5,"['place', 'mayor', 'Alec', 'future', 'travel']"
656,Burn Notice,Person of Interest,"['security', 'people', 'job', 'guy', None]"
657,Steven Universe,Final Space,"['gems', 'world', 'gem', None, None]"
658,Jane the Virgin,The Secret Life of the American Teenager,"['baby', 'father', 'sister', 'night', 'life']"
659,Storm of the Century,Haven,"['store', 'folks', 'head', 'town', 'hands']"
660,Once Upon a Time,The Originals,"['story', 'people', 'life', 'place', 'family']"
661,The Punisher,Ash vs Evil Dead,"['money', 'ass', 'hole', 'guy', 'shit']"
662,Star Trek_ Enterprise,Star Trek_ Deep Space Nine,"['ship', 'years', 'captain', 'people', 'mission']"
663,Scrubs,Everwood,"['baby', 'hospital', 'hell', 'day', 'patient']"
664,Frozen Planet,Planet Earth,"['water', 'whales', 'sea', 'wolves', 'ice']"
665,Lost Girl,True Blood,"['baby', 'people', 'girl', 'love', 'place']"
666,BoJack Horseman,Entourage,"['movie', 'people', 'guy', 'book', 'life']"
667,That '70s Show,Two and a Half Men,"['people', 'life', 'day', None, None]"
668,Hannibal,Forever,"['kind', 'body', 'friend', 'house', 'death']"
669,Everwood,"Beverly Hills, 90210","['father', 'place', 'day', 'dad', None]"
670,Riverdale,Revenge,"['dad', 'guy', 'summer', 'father', 'Mom']"
671,True Detective,Northern Exposure,"['sir', 'people', 'door', 'place', 'years']"
672,Better Call Saul,Suits,"['lawyer', 'people', 'law', 'day', 'money']"
673,The Rain,MacGyver,"['rain', 'sweetie', 'minutes', 'place', 'bunker']"
674,Forbrydelsen,Homeland,"['Thanks', 'day', 'police', 'meeting', 'years']"
675,Rescue Me,Two and a Half Men,"['shit', 'night', 'house', 'ass', 'goddamn']"
676,Outcast,Bates Motel,"['place', 'boy', 'mother', 'family', 'day']"
677,The Orville,Star Trek_ Enterprise,"['shuttle', 'ship', 'commander', 'captain', 'officer']"
678,A Series of Unfortunate Events,Family Matters,"['parents', 'children', 'count', 'home', 'orphans']"
679,The Amazing Race,Hustle,"['number', 'race', 'flight', 'team', 'taxi']"
680,Eastbound & Down,Californication,"['shit', 'people', 'life', 'ass', 'ball']"
681,3rd Rock from the Sun,Futurama,"['planet', 'woman', 'head', 'party', 'wife']"
682,Person of Interest,Burn Notice,"['guy', 'drip', 'friend', 'job', 'people']"
683,Lilyhammer,The Simpsons,"['kids', 'godfather', 'hell', 'year', 'day']"
684,Salem,Hercules_ The Legendary Journeys,"['father', 'world', 'war', 'witch', 'witches']"
685,The River,Ascension,"['magic', 'dad', 'mom', 'father', 'Someone']"
686,According to Jim,Becker,"['baby', 'kids', 'game', 'camera', 'blankie']"
687,Orphan Black,Person of Interest,"['family', 'shit', 'hell', 'Art', 'people']"
688,Young & Hungry,You're the Worst,"['girl', 'sex', 'wedding', 'food', 'feelings']"
689,Joey,Seinfeld,"['job', 'head', 'audition', 'mother', 'actor']"
690,Reign,Game of Thrones,"['life', 'court', 'king', 'queen', 'family']"
691,The Tick,Dr. Horrible's Sing-Along Blog,"[""You've"", 'superhero', 'night', 'destiny', 'People']"
692,Devious Maids,Desperate Housewives,"['life', 'people', 'months', 'wife', 'house']"
693,Over the Garden Wall,The Mighty Boosh,"['candy', 'woods', 'frog', 'mill', 'brother']"
694,11.22.63,The Simpsons,"['car', 'life', 'night', 'day', None]"
695,Reaper,Supernatural,"['soul', 'mom', 'day', 'hell', 'devil']"
696,The Pretender,Lost Girl,"['brother', 'hell', 'people', 'family', 'father']"
697,Fairy Tail,One Punch Man,"['guy', 'brand', 'product', 'tests', 'Man']"
698,Animal Kingdom,Weeds,"['hell', 'night', 'shit', 'baby', 'boys']"
699,Homicide_ Life on the Street,Law & Order_ Criminal Intent,"['case', 'murder', 'guy', None, None]"
700,Everybody Hates Chris,Becker,"['girl', 'father', 'test', 'baby', 'mother']"
701,Anne of Green Gables,Anne with an E,"['girl', 'friend', 'child', 'afternoon', 'hair']"
702,Studio 60 on the Sunset Strip,BoJack Horseman,"['tonight', 'sketch', 'years', 'stage', 'people']"
703,'Allo 'Allo!,TURN_ Washington's Spies,"['mother', 'wife', 'plan', 'WHO', 'airmen']"
704,Major Crimes,Law & Order_ Special Victims Unit,"['wife', 'boys', 'car', 'people', 'husband']"
705,The White Queen,Reign,"['son', 'battle', 'king', 'lands', 'men']"
706,Alias,Covert Affairs,"['agent', 'life', 'job', 'father', 'mother']"
707,Dragon Ball Super,Heroes,"['money', 'mom', 'earth', 'planet', 'skin']"
708,One Tree Hill,90210,"['heart', 'night', 'day', 'life', 'mom']"
709,Oz,Gotham,"['years', 'shit', 'life', 'fuck', None]"
710,Foyle's War,Endeavour,"['war', 'place', 'people', 'night', 'day']"
711,Keeping Up with the Kardashians,Whitney,"['life', 'house', 'relationship', 'party', 'people']"
712,8 Simple Rules,Home Improvement,"['today', 'friend', 'boy', 'kids', 'girls']"
713,Cosmos_ Possible Worlds,Cosmos,"['seconds', 'space', 'universe', 'stars', 'world']"
714,Aqua Teen Hunger Force,The Last Man on Earth,"['money', 'hell', 'room', 'house', None]"
715,Manhunt_ Unabomber,Moonlight,"[None, None, None, None, None]"
716,Gavin & Stacey,The Inbetweeners,"['steaks', 'thanks', 'night', 'love', 'tomorrow']"
717,Warehouse 13,12 Monkeys,"['guy', 'place', 'world', 'warehouse', 'Artie']"
718,Family Guy,Scrubs,"['money', 'hell', 'guy', 'people', None]"
719,Life Unexpected,The Secret Life of the American Teenager,"['people', 'kid', 'lot', 'bar', 'school']"
720,Death Note,Sherlock,"['Death', 'heart', 'Note', 'death', 'people']"
721,Galavant,One Tree Hill,"['love', 'queen', 'kingdom', 'king', 'season']"
722,Girlboss,11.22.63,"['shoes', 'life', 'dreams', 'shit', 'sandwich']"
723,Drake & Josh,Suburgatory,"['mom', 'dinner', 'dress', 'guy', 'advice']"
724,Modern Family,One Tree Hill,"['baby', 'day', 'dad', 'family', None]"
725,Poldark,"I, Claudius","['sir', 'family', 'people', 'father', 'wife']"
726,Travelers,Blindspot,"['hell', 'life', 'tonight', 'people', 'message']"
727,The Finder,Falling Skies,"['force', 'father', 'drugs', 'plane', 'son']"
728,Moonlight,Manhunt_ Unabomber,"[None, None, None, None, None]"
729,The Expanse,Timeless,"['station', 'ship', 'people', 'war', 'hell']"
730,Da Vinci's Demons,Children of Dune,"['city', 'men', 'place', 'day', 'Holiness']"
731,Into the Badlands,Gomorrah,"['men', 'baron', 'hand', 'people', 'color=""#0080ff""']"
732,Kyle XY,The Big Bang Theory,"['people', 'party', 'night', 'lot', 'mind']"
733,Love,Jersey Shore,"['fuck', 'people', 'place', 'love', 'car']"
734,The Ranch,Animal Kingdom,"['shit', 'place', 'family', 'day', 'football']"
735,Hell on Wheels,Peaky Blinders,"['sir', 'day', 'son', 'work', 'railroad']"
736,Star Trek_ Deep Space Nine,Babylon 5,"['ship', 'sir', 'Captain', 'day', 'people']"
737,Bottom,The Last Man on Earth,"['night', 'wheel', 'place', 'bit', 'sex']"
738,Batman Beyond,Lilyhammer,"['life', 'dad', 'splicing', 'job', 'KING']"
739,Hart of Dixie,The Secret Life of the American Teenager,"['life', 'day', 'night', 'doctor', 'place']"
740,American Dad!,Shameless,"['family', 'face', 'camp', 'day', None]"
741,The Sopranos,The O.C.,"['house', 'fuck', 'shit', 'fuckin', 'guy']"
742,Hung,Grace and Frankie,"['lot', 'house', 'job', 'people', 'kids']"
743,Stalker,Elementary,"['friends', 'stalker', 'wife', 'night', 'guy']"
744,Friends from College,Grace and Frankie,"['book', 'books', 'friends', 'Storm', 'bed']"
745,The Kingdom,Scream Queens,"['bit', 'hospital', 'scan', None, None]"
746,Younger,Baby Daddy,"['work', 'years', 'woman', 'book', 'people']"
747,Baby Daddy,How I Met Your Mother,"['life', 'baby', 'party', 'girl', 'mom']"
748,The Mentalist,Hawaii Five-0,"['gun', 'case', 'people', None, None]"
749,Van Helsing,True Blood,"['blood', 'guy', 'hell', 'place', 'Dylan']"
750,River,Forever,"['baby', 'death', 'love', 'night', 'mother']"
751,Daredevil,Suits,"['lot', 'people', 'place', 'shit', 'guy']"
752,How to Make It in America,Hannah Montana,"['shit', 'Man', 'story', 'dollar', 'people']"
753,Black-Adder II,Anne with an E,"['servant', 'father', 'woman', 'day', 'love']"
754,Saturday Night Live,The Simpsons,"['kavanaugh', 'love', 'people', 'color=""mediumturquoise""', 'day']"
755,Mindhunter,The Mentalist,"['woman', 'years', 'boy', 'people', 'hostage']"
756,Salvation,24,"['Grace', 'days', 'plan', 'people', 'government']"
757,The Pillars of the Earth,Game of Thrones,"['title', 'son', 'daughter', 'king', 'work']"
758,Pretty Little Liars,Without a Trace,"['police', 'mom', 'friends', 'night', None]"
759,Jersey Shore,Love,"['bleep]ING', 'night', 'bleep', 'house', 'IT']"
760,The Marvelous Mrs. Maisel,Will & Grace,"['act', 'rabbi', 'night', 'tonight', 'day']"
761,Intelligence,Eureka,"['weapon', 'chip', 'video', 'shouting', 'Door']"
762,Wilfred,Supernatural,"['shit', 'day', 'dog', 'life', 'dad']"
763,The West Wing,House of Cards,"['sir', 'president', 'hours', 'day', 'people']"
764,Peaky Blinders,Hell on Wheels,"['family', 'fuck', 'men', 'house', 'business']"
765,Whose Line Is It Anyway_,BoJack Horseman,"['life', 'game', 'Line', 'points', None]"
766,The Get Down,The Deuce,"['love', 'record', 'shit', 'fuck', 'girl']"
767,Attack on Titan,Revolution,"['sir', 'wall', 'walls', 'hell', 'humanity']"
768,Queer as Folk,The Sopranos,"['fuck', 'hell', 'IT', 'night', 'baby']"
769,90210,One Tree Hill,"['party', 'year', 'school', 'guy', 'life']"
770,Utopia,Humans,"['shit', 'years', 'idea', 'matter', 'world']"
771,Carlos,Designated Survivor,"['cause', 'comrades', 'revolution', 'place', 'plane']"
772,Raising Hope,That '70s Show,"['guy', 'life', 'father', 'baby', None]"
773,Spaced,Gilmore Girls_ A Year in the Life,"['days', 'dog', 'friend', 'guy', 'bit']"
774,Just Shoot Me!,Mike & Molly,"['baby', 'guy', 'people', 'job', 'article']"
775,Miranda,Master of None,"['shop', 'cha', 'night', 'woman', 'baby']"
776,Resurrection,Colony,"['baby', 'kid', 'boy', 'people', 'son']"
777,Heroes,Legends of Tomorrow,"['guy', 'life', 'people', 'world', 'lot']"
778,Cosmos,Cosmos_ Possible Worlds,"['sun', 'cosmos', 'planets', 'galaxy', 'galaxies']"
779,Safe,The Fosters,"['guy', 'kid', 'party', 'school', 'daughter']"
780,Archer,Southland,"['RILEY', 'shit', 'MALORY', 'hell', 'people']"
781,The Transformers,The Avengers_ Earth's Mightiest Heroes,"['mind', 'monster', 'Autobots', 'planet', 'energy']"
782,F Is for Family,Cougar Town,"['water', 'love', 'TV', 'hell', 'kids']"
783,CarnivĂ le,Salem,"['sisters', 'world', 'boy', 'hands', 'money']"
784,United States of Tara,Californication,"['house', 'life', 'mom', 'people', 'tonight']"
785,Skins,Misfits,"['girl', 'fuck', 'party', 'shit', 'mate']"
786,Beauty and the Beast,Scrubs,"['people', 'beast', 'hell', 'life', 'guy']"
787,Tyrant,Scandal,"['father', 'MOLLY', 'BARRY', 'family', 'wedding']"
788,Whitney,Friends,"['people', 'mom', 'life', 'hair', 'marriage']"
789,Video Game High School,The Cosby Show,"[None, None, None, None, None]"
790,You're the Worst,Mike & Molly,"['day', 'work', 'house', 'shit', 'love']"
791,Ozark,Billions,"['money', 'business', 'people', 'cash', 'place']"
792,Top of the Lake,Life Unexpected,"['years', 'mother', 'bit', 'dad', 'face']"
793,The New Adventures of Old Christine,The Secret Life of the American Teenager,"['people', 'sex', 'marriage', 'day', 'school']"
794,Stitchers,Travelers,"['mother', 'stitch', 'father', 'lab', 'memories']"
795,Happy Valley,Only Fools and Horses....,"['people', 'bit', 'police', 'shit', 'house']"
796,Final Space,Futurama,"['ghost', 'crap', 'cookie', 'face', 'day']"
797,Quantico,The Blacklist,"['people', 'code', 'world', 'gun', None]"
798,The Crown,Homeland,"[""ma'am"", 'canal', 'pilots', 'sir', 'Daddy']"
799,All in the Family,Ray Donovan,"['guy', 'years', 'minute', 'house', 'people']"
800,"Beverly Hills, 90210",Dawson's Creek,"['night', 'guy', 'Thanks', 'summer', None]"
801,Big Love,Desperate Housewives,"['state', 'day', 'father', 'people', 'family']"
802,Dirty Sexy Money,Modern Family,"['dad', 'day', 'birthday', 'party', 'father']"
803,Anger Management,Louie,"['people', 'anger', 'therapist', 'college', 'guy']"
804,Believe,Longmire,"['girl', 'minutes', 'doctor', 'life', 'people']"
805,Quantum Leap,"Magnum, P.I.","['years', 'leap', 'year', 'game', 'lot']"
806,Legion,Kyle XY,"['hospital', 'Syd', 'people', 'mind', 'day']"
807,Mr. Robot,Blindspot,"['money', 'world', 'day', 'people', 'life']"
808,Emerald City,The 10th Kingdom,"['sky', 'magic', 'witch', 'people', 'world']"
809,Midsomer Murders,Endeavour,"['house', 'sir', 'bit', 'night', 'place']"
810,Thundercats,X-Men,"['Lion', 'sword', 'wiII', None, None]"
811,The 100,Babylon 5,"['ground', 'Man', 'hell', 'father', 'radiation']"
812,Fortitude,Agent Carter,"['snow', 'murder', 'sea', 'blood', 'head']"
813,Jonathan Strange & Mr Norrell,Merlin,"['books', 'gentlemen', 'magician', 'magicians', 'magic']"
814,Summer Heights High,Community,"['kids', 'year', 'stuff', 'drama', 'lot']"
815,QI,Zoo,"['bit', 'fact', 'lot', 'people', None]"
816,Black-ish,All in the Family,"['word', 'people', 'school', 'family', 'son']"
817,The End of the F___ing World,Portlandia,"['shit', 'dad', 'love', 'face', 'banana']"
818,Six Feet Under,One Tree Hill,"['people', 'father', 'day', 'life', None]"
819,Designated Survivor,24,"['country', 'world', 'job', 'tonight', 'people']"
820,Star Wars_ The Clone Wars,Star Wars Rebels,"['clone', 'holocron', 'soldiers', 'droids', 'prince']"
821,The Night Of,Rookie Blue,"['team', 'party', 'sir', 'cab', 'car']"
822,In Treatment,Royal Pains,"['patient', 'guy', 'day', 'father', 'son']"
823,Arthur,North & South,"['letters', 'father', 'sister', 'key', 'letter']"
824,Colony,Resurrection,"['morning', 'people', 'lot', 'place', 'kids']"
825,Unbreakable Kimmy Schmidt,Modern Family,"['night', 'girl', 'money', 'years', 'people']"
826,Emma,Downton Abbey,"['course', 'day', 'cake', 'friend', 'morning']"
827,Metalocalypse,House of Lies,"['money', 'metal', 'Pickles', 'tock', 'record']"
828,Prison Break,The Mentalist,"['years', 'place', 'company', 'brother', 'prison']"
829,Silicon Valley,Halt and Catch Fire,"['guy', 'percent', 'people', 'money', 'company']"
830,Three's Company,Will & Grace,"['night', 'tonight', 'place', 'party', 'company']"
831,Survivor,The Amazing Race,"['people', 'game', 'person', 'fire', 'tribe']"
832,Iron Fist,Lilyhammer,"['company', 'years', 'night', 'problem', 'chuckles']"
833,Hello Ladies,Grace and Frankie,"['bit', 'shit', 'phone', 'friend', 'Kives']"
834,Private Practice,Grey's Anatomy,"['baby', 'life', 'patient', 'people', None]"
835,The Shining,Gilmore Girls_ A Year in the Life,"['winter', 'hotel', 'son', 'boy', 'place']"
836,Drawn Together,F Is for Family,"['goat', 'hero', 'fraternity', 'family', 'sweetcake']"
837,Planet Earth,Frozen Planet,"['animals', 'water', 'winter', 'cubs', 'miles']"
838,Blackadder Goes Forth,The Young Ones,"['painting', 'men', 'trenches', 'moment', 'Permission']"
839,Community,The Office,"['people', 'school', 'class', 'year', 'group']"
840,Hellsing Ultimate,Hellsing,"['blood', 'vampire', 'vampires', 'girl', 'Hellsing']"
841,Awkward.,How I Met Your Mother,"['life', 'school', 'class', 'year', 'girl']"
842,Tom Clancy's Jack Ryan,Suits,"['bank', 'door', 'people', 'sir', 'transactions']"
843,Nikita,The Blacklist,"['box', 'guy', 'hell', 'division', None]"
844,Borgen,House of Cards,"['soldiers', 'election', 'party', 'people', 'war']"
845,Rectify,Scrubs,"['life', 'IT', 'job', 'day', None]"
846,The Strain,Haven,"['guy', 'plane', 'hell', 'city', 'place']"
847,Helix,Utopia,"['hell', 'outbreak', 'virus', 'base', 'island']"
848,Broad City,Portlandia,"['Ilana', 'girl', 'dude', 'baby', 'day']"
849,GLOW,Feud,"['day', 'warrior', 'people', 'girl', 'wrestling']"
850,Northern Exposure,Scrubs,"['people', 'years', None, None, None]"
851,Nurse Jackie,Scrubs,"['nurse', 'day', 'today', 'work', 'shit']"
852,Go On,True Detective,"['wife', 'guy', 'stuff', 'life', 'people']"
853,Grimm,Wallander,"['lot', 'house', 'hell', 'phone', 'night']"
854,The L Word,The Mindy Project,"['night', 'lot', 'love', 'baby', None]"
855,Will & Grace,Mike & Molly,"['guy', 'Grace', 'life', 'night', 'honey']"
856,Fawlty Towers,Miranda,"['room', 'afternoon', 'morning', 'moment', 'money']"
857,Mad About You,Master of None,"['clams', 'dog', 'honey', 'place', 'sister']"
858,Gargoyles,Attack on Titan,"['castle', 'nature', 'gargoyles', 'men', 'stone']"
859,The Golden Girls,American Horror Story,"['bed', 'life', 'baby', 'woman', 'people']"
860,Nathan for You,Blindspot,"['people', 'plan', 'tip', 'bit', 'ghost']"
861,Good Luck Charlie,The Simpsons,"['dad', 'www', 'mom', 'house', 'baby']"
862,Neon Genesis Evangelion,Star Trek_ Voyager,"['emergency', 'plug', 'effect', 'father', 'car']"
863,Sleepy Hollow,Legends of Tomorrow,"['years', 'people', 'demon', 'hell', 'key']"
864,Doctor Who,Futurama,"['people', 'years', 'Doctor', 'life', 'day']"
865,Planet Earth II,Planet Earth,"['penguins', 'food', 'sea', 'year', 'island']"
866,Baywatch,Unbreakable Kimmy Schmidt,"['lifeguard', 'water', 'beach', 'school', 'today']"
867,Extras,UnREAL,"['wife', 'film', 'flowers', 'bit', 'sister']"
