"show","similatities"
"Sleepy Hollow",""
"Taboo","Animal Kingdom,The Terror,The Young Pope"
"Forbrydelsen","The Bridge,Marcella,River"
"The Mist",""
"Dear White People","Feud,Everything Sucks!"
"Frozen Planet","Human Planet,The Blue Planet,Planet Earth II"
"Game of Thrones","Vikings,True Detective,Spartacus"
"Happy!","Final Space,The Alienist,Disenchantment"
"Disenchantment","Castlevania,Final Space,Maniac"
"Misfits","Fresh Meat,Skins,My Mad Fat Diary"
"Wonderfalls","Dead Like Me,Pushing Daisies,The 10th Kingdom"
"Police Squad!","The Incredible Hulk"
"It's Always Sunny in Philadelphia","Workaholics,The League,Trailer Park Boys"
"Miss Fisher's Murder Mysteries","Midsomer Murders,Foyle's War,Endeavour"
"Band of Brothers","The Pacific,Generation Kill,Generation War"
"Claymore",""
"Big Love","Mildred Pierce,Nurse Jackie,Hung"
"Firefly","Firefly,Dr. Horrible's Sing-Along Blog,Dollhouse"
"Sons of Anarchy","Ray Donovan,Justified,Rescue Me"
"Scandal","Mistresses,Madam Secretary,The Good Wife"
"Gotham","Constantine,The Flash,Agent Carter"
"CSI: NY","Law & Order: Criminal Intent,Cold Case,Law & Order"
"Houdini","Poldark,Marco Polo,Dracula"
"Sherlock","Elementary,Broadchurch,Doctor Who"
"Limitless",""
"Santa Clarita Diet","The Mick,Insatiable,Dear White People"
"Power","Ballers,Empire"
"Bob's Burgers","Brickleberry,Archer,Broad City"
"Hannibal","Penny Dreadful,Da Vinci's Demons,The Following"
"Safe",""
"The Cosby Show","Three's Company,Happy Days,Growing Pains"
"Mad Men","Boardwalk Empire,Treme,The Sopranos"
"The Inbetweeners","Fresh Meat,Gavin & Stacey"
"Blackadder Goes Forth","The Black Adder"
"Married with Children","Da Ali G Show,The Cosby Show"
"American Idol","The Voice"
"Star Wars Rebels","Star Wars: The Clone Wars,Star Wars: The Clone Wars,The Avengers: Earth's Mightiest Heroes"
"Reign","The White Queen,Star-Crossed,The Originals"
"Little Britain",""
"Are You Afraid of the Dark?","Goosebumps"
"Beavis and Butt-Head","The Ren & Stimpy Show,Aqua Teen Hunger Force,The Cleveland Show"
"Breakout Kings","Crossing Lines,The Glades,Legends"
"Roots",""
"Da Vinci's Demons","Dracula,Dominion,Black Sails"
"The Gifted","Inhumans,Runaways,Black Lightning"
"Jane the Virgin","Crazy Ex-Girlfriend,Younger,Young & Hungry"
"Roseanne","The Golden Girls,Three's Company,Growing Pains"
"From Dusk Till Dawn: The Series","Salem,Z Nation,666 Park Avenue"
"That's So Raven","Zoey 101"
"The Strain","Helix,Extant,Dominion"
"Shogun","The Inbetweeners,Stranger Things"
"Selfie",""
"The Lying Game","The Carrie Diaries,Life Unexpected,Ringer"
"Future Man","Inhumans,Barry,Final Space"
"Faking It","Young & Hungry,Selfie,The Fosters"
"Superman",""
"Friday Night Lights","Friday Night Lights,Nashville,Parenthood"
"Batman Beyond","Justice League,The New Batman Adventures,The Avengers: Earth's Mightiest Heroes"
"Cheers","Becker,Family Ties,Spin City"
"Call the Midwife","Mr Selfridge,Jane Eyre,Victoria"
"Supernatural",""
"Neon Genesis Evangelion",""
"Invasion",""
"Shadowhunters: The Mortal Instruments","The Shannara Chronicles,Stitchers,Bitten"
"Psycho-Pass",""
"Steven Universe","Gravity Falls"
"Modern Family","The Middle,Happy Endings,The Goldbergs"
"Billions","Ballers,Bosch,Power"
"Without a Trace","Cold Case,Law & Order: Criminal Intent,The Closer"
"Trailer Park Boys","Workaholics,Da Ali G Show,Reno 911!"
"Girls","Transparent,Broad City,Looking"
"Madam Secretary","The Good Fight,Graceland,Bull"
"Endeavour","Foyle's War,Wallander"
"Beverly Hills, 90210","Dawson's Creek,Brothers & Sisters,7th Heaven"
"CatDog","Johnny Bravo"
"The Office","30 Rock,Workaholics,Arrested Development"
"The Tudors","The White Queen,The Borgias,Camelot"
"Daria",""
"Clerks",""
"The Defenders","Iron Fist,Black Lightning,The Punisher"
"Atlanta","The Get Down,Vice Principals,The Deuce"
"Dirty Sexy Money","Brothers & Sisters"
"Family Ties","Growing Pains"
"Studio 60 on the Sunset Strip","The West Wing,The Newsroom"
"Alias",""
"Archer","Bob's Burgers,Brickleberry,The League"
"NYPD Blue","Miami Vice,Moonlighting"
"The Mechanism",""
"Grounded for Life","Just Shoot Me!,Reba,Spin City"
"Survivor","The Amazing Race"
"Undercover","Spartacus,Sense8,Gotham"
"Long Way Round","The Black Donnellys"
"The Big C","Nurse Jackie,Big Love,The New Normal"
"The Shining","The Exorcist"
"Torchwood","Primeval,Being Human,Robin Hood"
"Teen Titans Go!","Teen Titans"
"Two Guys, a Girl and a Pizza Place",""
"Vikings","The Last Kingdom,Black Sails,Marco Polo"
"Travelers","Frequency,Salvation,3%"
"TURN: Washington's Spies","John Adams,The Last Kingdom,Tyrant"
"Naruto: Shippûden",""
"Luke Cage","Iron Fist,The Defenders,Jessica Jones"
"The Orville","Star Trek: Discovery,Future Man,The Gifted"
"Damages","Boss,Goliath,Bosch"
"River","Marcella,Wallander,Happy Valley"
"Derek","Life's Too Short,An Idiot Abroad,The Ricky Gervais Show"
"Bull","Lethal Weapon"
"The Adventures of Tintin",""
"Law & Order: Criminal Intent","Law & Order,Major Crimes,Law & Order: Special Victims Unit"
"The Black Donnellys","Long Way Round,Godless,Friday Night Lights"
"Californication","Hung,Entourage,Blue Mountain State"
"Teen Titans","Teen Titans Go!,Danny Phantom,Young Justice"
"Fuller House","Full House"
"Battlestar Galactica","Caprica,Babylon 5,Star Trek: Deep Space Nine"
"3rd Rock from the Sun","Becker,Just Shoot Me!,Spin City"
"Black-Adder II",""
"Riverdale","Girlboss,13 Reasons Why,Everything Sucks!"
"Samurai Champloo","Afro Samurai,Cowboy Bebop,Trigun"
"Ghost Whisperer","Medium,Charmed,Charmed"
"My Wife and Kids","Everybody Hates Chris,8 Simple Rules"
"Hung","Big Love,Nurse Jackie,The Brink"
"Chip 'n' Dale Rescue Rangers",""
"Everybody Loves Raymond","Becker,Home Improvement,Just Shoot Me!"
"Fresh Off the Boat","The Goldbergs,Superstore,Crazy Ex-Girlfriend"
"Almost Human","Intelligence,Believe,Second Chance"
"Star Wars: The Clone Wars","Star Wars Rebels,Star Wars: The Clone Wars"
"Lie to Me","Crossing Lines,Perception,Life"
"Utopia","Dead Set,Gomorrah,Humans"
"Cowboy Bebop","Samurai Champloo,Trigun,Afro Samurai"
"The Last Kingdom","The Last Kingdom,Marco Polo,John Adams"
"Hercules: The Legendary Journeys","Xena: Warrior Princess,Early Edition,Baywatch"
"Law & Order","Law & Order: Criminal Intent,Law & Order: Special Victims Unit,The Closer"
"Terminator: The Sarah Connor Chronicles","Andromeda,Caprica,Dark Angel"
"Pokémon",""
"The Black Adder","Blackadder Goes Forth,Fawlty Towers,Bottom"
"Veep","Hello Ladies,Catastrophe,Transparent"
"The Transformers",""
"Everything Sucks!","Insatiable,Runaways"
"House of Lies","Magic City,Ballers,Ray Donovan"
"Angel","Tru Calling,Dollhouse,Xena: Warrior Princess"
"Harper's Island","The River"
"The Thick of It",""
"Star-Crossed","Bitten,Believe,The Tomorrow People"
"The OA","3%,Travelers,Frequency"
"Fear the Walking Dead","Z Nation,Outcast,Zoo"
"Andromeda","Babylon 5,Sliders,Hercules: The Legendary Journeys"
"Desperate Housewives","Devious Maids,Mistresses,Brothers & Sisters"
"Death Note","Psycho-Pass,Hellsing"
"Franklin & Bash","The Glades,Shark,Human Target"
"Stalker",""
"The Shield","Southland,Rescue Me,Boss"
"Moonlighting","Miami Vice"
"Once Upon a Time in Wonderland","Dracula,Sleepy Hollow,Bitten"
"Foyle's War","Endeavour,Midsomer Murders"
"Flight of the Conchords","Summer Heights High,Extras,Life's Too Short"
"Wentworth","Gypsy"
"Flashpoint","Crossing Lines,The Unit,Rookie Blue"
"Merlin","Robin Hood,The Musketeers,Primeval"
"Two and a Half Men","Anger Management,Mike & Molly,Joey"
"The King of Queens","Everybody Loves Raymond,Becker,Just Shoot Me!"
"Whitney","The New Normal"
"The Fall",""
"Masters of Sex","Transparent,In Treatment,Rectify"
"Pinky and the Brain","Goosebumps,Mighty Morphin Power Rangers"
"Orange Is the New Black","Wentworth,Unbreakable Kimmy Schmidt,Orphan Black"
"Futurama","The Cleveland Show,American Dad!,Family Guy"
"Alias Grace",""
"The Magicians","The Shannara Chronicles,Emerald City,Wynonna Earp"
"The Middle","Mike & Molly,Mom,The Goldbergs"
"The Terror","Castle Rock,Wild Wild Country,The Deuce"
"Southland","Bosch"
"Afro Samurai","Samurai Champloo,Trigun"
"The Knick","Olive Kitteridge,Rectify,The Leftovers"
"Lost in Space",""
"Eureka","Warehouse 13,Sanctuary,Alphas"
"Tin Man","The 10th Kingdom,Tin Man,Early Edition"
"Generation Kill","Generation War,The Pacific,Southland"
"The Young Ones","Bottom,Blackadder Goes Forth"
"Everwood","7th Heaven,Dawson's Creek,Brothers & Sisters"
"The Punisher",""
"The Cleveland Show","Brickleberry,American Dad!,Drawn Together"
"American Vandal","Wild Wild Country,Insatiable,Everything Sucks!"
"The A-Team",""
"In Treatment","Olive Kitteridge,Fleabag,Damages"
"The 4400","The Event,The Lost Room,Jericho"
"Criminal Minds","Cold Case,Law & Order: Criminal Intent,Law & Order: Special Victims Unit"
"The Crazy Ones",""
"Nip",""
"Goosebumps",""
"The Get Down","Atlanta,Dear White People"
"Friends from College","Dear White People,The Mick,Girlboss"
"The Haunting of Hill House","Maniac,Castle Rock,Castlevania"
"The Grand Tour","Top Gear,Long Way Round"
"Rizzoli & Isles","Major Crimes,Unforgettable,The Closer"
"12 Monkeys",""
"Mildred Pierce","Feud"
"Love","Love,Catastrophe,Fleabag"
"Grey's Anatomy","Private Practice,Brothers & Sisters,Scandal"
"Monk","Psych,Royal Pains,Numb3rs"
"Key and Peele","Inside Amy Schumer,Workaholics"
"Banshee","Strike Back,Ray Donovan,Last Resort"
"Joey","Dharma & Greg,Anger Management,Episodes"
"Designated Survivor","24: Live Another Day,Shooter,Taken"
"Absolutely Fabulous","Keeping Up Appearances"
"Dune",""
"iZombie","Z Nation,Stitchers,Wynonna Earp"
"Homeland","The Americans,Ray Donovan,Damages"
"Lost","Flashforward,24,Prison Break"
"Legends","Crossing Lines,Graceland"
"13 Reasons Why","Girlboss,Riverdale,Big Little Lies"
"Godless","The Deuce,The Terror,Counterpart"
"Transparent","Catastrophe,Looking,Olive Kitteridge"
"Frequency","Frequency"
"Touch","Alcatraz,The Event"
"Intelligence","Almost Human,Legends,Second Chance"
"Rules of Engagement","Anger Management,Mike & Molly,Last Man Standing"
"Lost Girl","Bitten,Haven,Wynonna Earp"
"Galavant","Tin Man,The 10th Kingdom,The Librarians"
"Chilling Adventures of Sabrina","Maniac,Castle Rock,Insatiable"
"How to Make It in America","Entourage,Hung,Ballers"
"Vice Principals","Goliath,Atlanta"
"Young Justice","Justice League,The Avengers: Earth's Mightiest Heroes,The New Batman Adventures"
"The New Batman Adventures",""
"Victoria","Poldark,The Crown,Jane Eyre"
"Outcast","The Exorcist,The Mist"
"Quantico","Blindspot,Stitchers,Second Chance"
"Scorpion","Intelligence,Forever,Bull"
"The Vampire Diaries","The Originals,The Secret Circle,Teen Wolf"
"iCarly","Victorious,Jessie,Good Luck Charlie"
"Lucifer","Second Chance,Limitless,The Magicians"
"Heroes","Heroes Reborn,Flashforward,The 4400"
"Arrow","The Flash,Supergirl,The Tomorrow People"
"Hemlock Grove","Salem,From Dusk Till Dawn: The Series,Penny Dreadful"
"Agent Carter","Constantine,Galavant,Supergirl"
"Code Geass: Lelouch of the Rebellion","Psycho-Pass"
"Treme","Borgen,Generation Kill,Oz"
"8 Simple Rules","American Idol"
"Once Upon a Time","Reign,Sleepy Hollow,Grimm"
"The Suite Life on Deck","Jessie,Good Luck Charlie,Hannah Montana"
"The Crown","Victoria,Poldark,Feud"
"F Is for Family","Disenchantment,Brickleberry,Big Mouth"
"Masters of Horror",""
"The Ricky Gervais Show","Life's Too Short,An Idiot Abroad,Derek"
"Timeless","Frequency,Salvation,Bull"
"Jericho","The Event,The 4400,Last Resort"
"Witches of East End","Bitten,Star-Crossed,Salem"
"Wallander","River,Foyle's War,Endeavour"
"Quantum Leap","Sliders,Early Edition,The Pretender"
"Life's Too Short","Derek,The Ricky Gervais Show,Hello Ladies"
"Cobra Kai","Future Man,The Alienist,Barry"
"Chuck","The Glades,Royal Pains,No Ordinary Family"
"Carlos","Dexter,Breaking Bad"
"Summer Heights High",""
"Borgen","Wallander,Generation War,Gomorrah"
"Knight Rider","The A-Team,Magnum\, P.I.,Baywatch"
"Melissa & Joey","Baby Daddy,Young & Hungry,Last Man Standing"
"Caprica","Ascension,Battlestar Galactica,Defiance"
"The O.C.","Beverly Hills\, 90210,Dawson's Creek,One Tree Hill"
"Veronica Mars","Veronica Mars,Wonderfalls,Everwood"
"Hart of Dixie","Life Unexpected,Nashville,Mistresses"
"Unforgettable","Major Crimes,Rizzoli & Isles,The Glades"
"Wilfred","Workaholics,Trailer Park Boys,Louie"
"Spartacus",""
"John Adams",""
"The Blue Planet","Frozen Planet,Human Planet,Planet Earth II"
"Bitten","Bitten,Star-Crossed,Believe"
"Dragon Ball Super","Dragon Ball Z Kai,Disenchantment"
"Falling Skies","Revolution,Last Resort,Defiance"
"The Mentalist","Perception,Unforgettable,Numb3rs"
"Resurrection","Extant,Believe,Legends"
"Suits","Franklin & Bash,White Collar,Graceland"
"Making a Murderer","American Crime Story,The Missing,Wild Wild Country"
"11.22.63","Castle Rock,Manhunt: Unabomber,Godless"
"Workaholics","Trailer Park Boys,The League,Wilfred"
"Hatfields & McCoys","Godless,11.22.63,The White Queen"
"The Adventures of Sherlock Holmes",""
"Dragon Ball Z Kai",""
"Family Guy","The Cleveland Show,American Dad!,Futurama"
"Penn & Teller: Bullshit!",""
"Adventure Time","Regular Show,Steven Universe,Teen Titans Go!"
"Ripper Street","Endeavour,Foyle's War,Midsomer Murders"
"Keeping Up with the Kardashians",""
"Dead Like Me","Wonderfalls,Pushing Daisies,Reaper"
"Thundercats",""
"Gossip Girl","90210,Gossip Girl,One Tree Hill"
"Anne of Green Gables",""
"Queer as Folk","Looking"
"Planet Earth","Frozen Planet,The Blue Planet,Human Planet"
"The Simpsons","The Cleveland Show,South Park,Family Guy"
"Pride and Prejudice","Emma,Jane Eyre"
"Stargate: Atlantis","Andromeda,Early Edition,Sanctuary"
"Colony","Zoo,12 Monkeys,Ascension"
"Mistresses","Devious Maids"
"NewsRadio","The Incredible Hulk,Spin City,Just Shoot Me!"
"What I Like About You","Reba,7th Heaven,Everwood"
"Daredevil","Jessica Jones,The Defenders,Luke Cage"
"The League","Eastbound & Down,Party Down,Workaholics"
"Nurse Jackie","The Big C,Big Love,Hung"
"Whose Line Is It Anyway?","Home Improvement,Just Shoot Me!"
"Under the Dome","Helix,Extant,Zoo"
"Manhunt: Unabomber","Wild Wild Country,Goliath,The Sinner"
"Skins","My Mad Fat Diary,Misfits,Fresh Meat"
"Eastbound & Down","Vice Principals,The League,Life's Too Short"
"North & South","Jane Eyre"
"The Last Ship","Last Resort,Helix,Legends"
"Home Improvement","Family Matters,Just Shoot Me!,Happy Days"
"Law & Order: Special Victims Unit","Law & Order: Criminal Intent,Law & Order,Cold Case"
"Switched at Birth","The Lying Game,The Fosters,Life Unexpected"
"Taken","Shooter"
"It","The Rain"
"The River","Taken,Harper's Island"
"Gavin & Stacey",""
"Mr. Robot","Humans,Narcos,Wayward Pines"
"Black Sails","The Last Kingdom,Marco Polo,Da Vinci's Demons"
"Fleabag","Catastrophe,Feud"
"Longmire","Wallander,Bosch,Foyle's War"
"JAG","Walker\, Texas Ranger,Blue Bloods,Magnum\, P.I."
"The Nanny","Reba,Mad About You,Dharma & Greg"
"Girlboss","The Mick,Dear White People,Everything Sucks!"
"Party Down","Undeclared,The League,Eastbound & Down"
"Family Matters","Growing Pains,Happy Days,Home Improvement"
"666 Park Avenue",""
"Major Crimes","The Closer,Blue Bloods,Rizzoli & Isles"
"Dead Set","The Exorcist"
"The Mick",""
"Suburgatory","The New Normal,Whitney,Pan Am"
"The 100","Star-Crossed,The Tomorrow People,The Last Ship"
"The Night Of","The Missing,American Crime Story,Goliath"
"Phineas and Ferb","Good Luck Charlie,Jessie"
"Covert Affairs","Unforgettable,The Glades,Graceland"
"In the Flesh","Please Like Me,Dead Set,Looking"
"Episodes","Hello Ladies,Joey,Go On"
"The Good Place","The Mick,Superstore,Dear White People"
"Runaways",""
"Dracula",""
"Grace and Frankie","Schitt's Creek,Crazy Ex-Girlfriend,Gypsy"
"Trigun","Afro Samurai,Samurai Champloo"
"The Wonder Years",""
"Louie","Portlandia,Eastbound & Down,Wilfred"
"Happy Valley","River,Marcella,The Missing"
"Sharp Objects","Big Little Lies"
"Columbo","Murder\, She Wrote,Midsomer Murders,Magnum\, P.I."
"Cosmos","Human Planet,Cosmos,Frozen Planet"
"Master of None","Love,Catastrophe,Fleabag"
"Resurrection: Ertugrul",""
"Wizards of Waverly Place","Good Luck Charlie,Jessie,Hannah Montana"
"Fawlty Towers","Blackadder Goes Forth,The Black Adder,Bottom"
"Attack on Titan","Psycho-Pass"
"Miami Vice","The Incredible Hulk,Baywatch,Magnum\, P.I."
"Children of Dune",""
"The Venture Bros.",""
"The Golden Girls","Roseanne,Three's Company,Reba"
"The Originals","Reign,Bitten,The Vampire Diaries"
"The Jinx: The Life and Deaths of Robert Durst","American Crime Story,Olive Kitteridge,The Night Of"
"Parenthood","Brothers & Sisters,7th Heaven,Friday Night Lights"
"BoJack Horseman","Bob's Burgers,Big Mouth,Brickleberry"
"Hell's Kitchen","The Amazing Race"
"Northern Exposure","Moonlighting"
"Kyle XY","No Ordinary Family,Smallville,Believe"
"Wynonna Earp","Van Helsing,Emerald City,Dollhouse"
"Jane Eyre","Emma"
"Growing Pains","Family Ties,Baywatch,Three's Company"
"The Tick",""
"Dexter","Californication,Weeds,The Following"
"Dirk Gently's Holistic Detective Agency","Happy!,Future Man,Final Space"
"Beauty and the Beast",""
"Royal Pains","The Glades,Covert Affairs,Franklin & Bash"
"Medium","Major Crimes,Charmed,Ghost Whisperer"
"Spartacus: Gods of the Arena","Camelot,Black Sails,Marco Polo"
"The Ranch",""
"Secret Diary of a Call Girl","Hung,The Big C"
"Star Trek: Deep Space Nine","Star Trek: Voyager,Babylon 5,Star Trek: Enterprise"
"The Smurfs",""
"The Bridge","Marcella,The Missing,Bosch"
"Entourage","Ballers,Hung,Californication"
"Penny Dreadful","Salem,From Dusk Till Dawn: The Series,The Strain"
"Brothers & Sisters","Parenthood,Everwood,Beverly Hills\, 90210"
"Marco Polo","The Last Kingdom,Black Sails,Camelot"
"H2O: Just Add Water",""
"Stranger Things","Dark,The Get Down,Mindhunter"
"Nikita","Covert Affairs,Breakout Kings,Graceland"
"Victorious","Jessie,Good Luck Charlie,Hannah Montana"
"Magic City","Boss"
"Happy Endings","Go On,The New Normal,Whitney"
"King of the Hill","The Boondocks,Aqua Teen Hunger Force,Metalocalypse"
"Scream Queens","Faking It,Feud"
"The Borgias","The Tudors,The White Queen,Camelot"
"Dragon Ball GT","Dragon Ball Z Kai"
"Drawn Together","Brickleberry,The Cleveland Show,Robot Chicken"
"Emerald City","Van Helsing,Wynonna Earp,Inhumans"
"Olive Kitteridge","Rectify,Marcella,River"
"Go On","The New Normal,Episodes,Whitney"
"Boss",""
"Revolution","Last Resort,Terra Nova,Falling Skies"
"United States of Tara","The Big C,Nurse Jackie,Big Love"
"Will & Grace","Dharma & Greg,Mad About You,The Nanny"
"Midsomer Murders","Foyle's War,Murder\, She Wrote,Endeavour"
"Ozark","Goliath,Sneaky Pete,Manhunt: Unabomber"
"Las Vegas",""
"Gomorrah","Wild Wild Country"
"Strike Back","The Unit,Last Resort,Banshee"
"Buffy the Vampire Slayer","Angel,Tru Calling,Xena: Warrior Princess"
"Patrick Melrose","Wild Wild Country,Castle Rock,The Deuce"
"House of Cards","The Newsroom,The Americans,True Detective"
"Metalocalypse","Aqua Teen Hunger Force,The Venture Bros.,The Boondocks"
"Body of Proof","Unforgettable,Major Crimes,Rizzoli & Isles"
"The Good Doctor","The Good Doctor,The Resident,Lethal Weapon"
"Happy Days","Family Ties,Three's Company,Growing Pains"
"Crossing Lines","Graceland,Legends"
"Life","The Glades,Crossing Lines,The Pretender"
"Luther","River,The Fall,Happy Valley"
"Blue Bloods","Major Crimes,Chicago P.D.,Rookie Blue"
"Humans","Colony,12 Monkeys,Fortitude"
"Forever","Scorpion,Intelligence,Second Chance"
"Graceland","Crossing Lines,Chicago P.D."
"The Angry Video Game Nerd",""
"Dekalog","Twin Peaks"
"Moonlight",""
"Sabrina, the Teenage Witch","The Nanny,What I Like About You,7th Heaven"
"Hello Ladies","Life's Too Short"
"Van Helsing","The Punisher"
"Scrubs","My Name Is Earl,That '70s Show,Anger Management"
"Younger",""
"Skam","Please Like Me"
"War & Peace",""
"One Piece",""
"Farscape","Andromeda,Babylon 5,Sliders"
"Avatar: The Last Airbender","Teen Titans,Danny Phantom,Young Justice"
"Aqua Teen Hunger Force","Metalocalypse,The Venture Bros.,The Boondocks"
"Babylon 5","Andromeda,Star Trek: Deep Space Nine,Farscape"
"The Fosters","Young & Hungry,Baby Daddy,Faking It"
"Chicago P.D.","Chicago Fire,Graceland,Rookie Blue"
"Fargo","Rectify,The Knick,True Detective"
"Curb Your Enthusiasm","Life's Too Short,Da Ali G Show,Eastbound & Down"
"Cold Case","Law & Order: Criminal Intent,Major Crimes,The Closer"
"QI",""
"Feud","Sharp Objects"
"Hellsing Ultimate","Hellsing"
"Sanctuary","Andromeda,Defiance,Alphas"
"Haven","Bitten,Alphas,Lost Girl"
"Agents of S.H.I.E.L.D.","Agent Carter,Constantine,Supergirl"
"Defiance","Dominion,Killjoys,Ascension"
"Drop Dead Diva","Devious Maids,Mistresses,Fuller House"
"Highlander",""
"Teenage Mutant Ninja Turtles","Mighty Morphin Power Rangers,Spider-Man,The New Batman Adventures"
"The Musketeers","The Last Kingdom,Camelot,Poldark"
"The World at War","John Adams,The Blue Planet"
"Unbreakable Kimmy Schmidt","Crazy Ex-Girlfriend,Inside Amy Schumer,The Mindy Project"
"Star Trek: The Next Generation","Star Trek: Deep Space Nine,Star Trek: Voyager,Star Trek: Enterprise"
"Miranda",""
"American Crime Story","Feud,The Missing,The Night Of"
"Top Gear","The Grand Tour"
"The Tomorrow People","Star-Crossed,Believe,Bitten"
"Cosmos: Possible Worlds",""
"The Americans","Rectify,Tyrant,The Bridge"
"CSI: Crime Scene Investigation","Law & Order: Criminal Intent,Law & Order,Major Crimes"
"Everybody Hates Chris","Family Matters"
"Ally McBeal","Dharma & Greg,Brothers & Sisters,Dirty Sexy Money"
"A Young Doctor's Notebook & Other Stories",""
"Bored to Death","Party Down,Hello Ladies,Undeclared"
"Lethal Weapon",""
"Lilyhammer",""
"Prison Break","24,24: Live Another Day,Flashforward"
"The Man in the High Castle","The Expanse,Colony,Counterpart"
"The Mighty Boosh","Garth Marenghi's Darkplace"
"The Brink","Ballers,The Deuce"
"The Amazing World of Gumball","Regular Show,Teen Titans Go!,Steven Universe"
"Jeeves and Wooster","Blackadder Goes Forth"
"Homicide: Life on the Street","Treme,Southland,Miami Vice"
"Spin City","Just Shoot Me!,Becker,Mad About You"
"Mad About You","Spin City,Just Shoot Me!,Dharma & Greg"
"Chappelle's Show","Reno 911!,Da Ali G Show,The Boondocks"
"One Tree Hill","Beverly Hills\, 90210,The O.C.,90210"
"NCIS: New Orleans","Bull,Major Crimes,Blue Bloods"
"The Finder","The Glades,Life,Breakout Kings"
"Hot in Cleveland","Dharma & Greg,Whitney,Just Shoot Me!"
"Life on Mars",""
"Carnivàle","Northern Exposure,Deadwood,Treme"
"Malcolm in the Middle","My Name Is Earl,Everybody Hates Chris,Home Improvement"
"The Lost Room","The Event,Sliders,The 4400"
"Garth Marenghi's Darkplace",""
"Gilmore Girls: A Year in the Life",""
"Jimmy Kimmel Live!",""
"Lovesick","Fleabag,Please Like Me,Catastrophe"
"Legends of Tomorrow","Supergirl,Black Lightning,Heroes Reborn"
"30 Rock","Veep,Better Off Ted,Party Down"
"Storm of the Century","The X-Files"
"Video Game High School","Inhumans,Future Man"
"Castle Rock","Maniac,The Terror,The Resident"
"Mindhunter","Manhunt: Unabomber,The Sinner,Godless"
"Continuum","Defiance,Ascension,Helix"
"And Then There Were None",""
"Regular Show","Teen Titans Go!,Adventure Time,Steven Universe"
"Psych","Monk,Royal Pains,Burn Notice"
"The Sopranos","The Shield,Oz,The Wire"
"Only Fools and Horses....",""
"The Keepers","Wild Wild Country,Maniac,The Missing"
"Animal Kingdom",""
"Johnny Bravo",""
"The Killing","The Bridge,Marcella,River"
"Primeval","Andromeda,Sanctuary,Robin Hood"
"American Dad!","The Cleveland Show,Brickleberry,Drawn Together"
"One Punch Man","Erased"
"The Muppet Show","The Incredible Hulk"
"Numb3rs","The Glades,Flashpoint,Unforgettable"
"Spider-Man","The Incredible Hulk,Superman,Batman: The Animated Series"
"The Sinner","Sharp Objects,The Alienist,Manhunt: Unabomber"
"SGU Stargate Universe","Andromeda"
"The Unit","Strike Back,Flashpoint,Last Resort"
"Jessie","Good Luck Charlie"
"Rescue Me","Southland,The Shield,Justified"
"Ghost in the Shell: Stand Alone Complex","Psycho-Pass,Ergo Proxy"
"The Deuce","Godless,The Terror,Sharp Objects"
"Devious Maids","Mistresses,Drop Dead Diva,Younger"
"Altered Carbon","Counterpart,The Punisher,Future Man"
"Black Lightning","Inhumans,Runaways,The Gifted"
"Dollhouse","Tru Calling,Dollhouse,Angel"
"Lois & Clark: The New Adventures of Superman","Early Edition,Hercules: The Legendary Journeys,The Pretender"
"Legend of the Seeker","Robin Hood,Camelot,The Musketeers"
"Pushing Daisies","Wonderfalls,Dead Like Me,The 10th Kingdom"
"Greek","Dawson's Creek,Everwood,Life Unexpected"
"Saved by the Bell","Family Matters,Happy Days,Full House"
"Arrested Development","Portlandia,30 Rock,Party Down"
"The West Wing","The Newsroom,Madam Secretary,Borgen"
"Bodyguard",""
"Dharma & Greg","Mad About You,Spin City,Just Shoot Me!"
"Zoo","Colony,Killjoys,Z Nation"
"Shameless","Nurse Jackie,The Big C,Hung"
"This Is Us","Fuller House,Parenthood,Big Little Lies"
"Murder, She Wrote","Columbo,Midsomer Murders,Miss Fisher's Murder Mysteries"
"Tom Clancy's Jack Ryan","The Resident,Maniac"
"Anger Management",""
"Mighty Morphin Power Rangers","Spider-Man,The New Batman Adventures,Inhumans"
"Leverage","The Glades,Human Target,The Finder"
"Extant","Resurrection,Helix,Ascension"
"Little House on the Prairie",""
"The Missing","Marcella,Fortitude,River"
"The Goldbergs","Superstore,The Crazy Ones"
"The Good Wife","The Good Fight,Madam Secretary,Brothers & Sisters"
"The Returned","Resurrection,Fortitude,Marcella"
"Alcatraz","Touch,Last Resort,Breakout Kings"
"Baby Daddy","Melissa & Joey,Young & Hungry,Girl Meets World"
"Saturday Night Live","Inside Amy Schumer,Portlandia"
"3%","Travelers,Outcast,Dear White People"
"Barry","The Terror,Future Man,Wild Wild Country"
"Just Shoot Me!","Spin City,Becker,Mad About You"
"Breaking Bad","Better Call Saul,Fargo,True Detective"
"Crazy Ex-Girlfriend","Schitt's Creek,Superstore"
"Brickleberry","The Cleveland Show"
"Big Little Lies","Feud,Big Little Lies,Sharp Objects"
"Stargate SG-1","Andromeda,Farscape,Babylon 5"
"The Good Fight","Feud,The Good Wife,Goliath"
"Smash",""
"Bosch","Goliath,River"
"Becker","Just Shoot Me!,Spin City,The Incredible Hulk"
"Awkward.","Faking It"
"Wild Wild Country","Sharp Objects,Planet Earth II,The Terror"
"Goliath","Sneaky Pete,Bosch,Counterpart"
"Evil Genius: The True Story of America's Most Diabolical Bank Heist",""
"The Staircase","Wild Wild Country,Sharp Objects,Manhunt: Unabomber"
"Jessica Jones","Luke Cage,The Defenders,Iron Fist"
"Hustle","I\, Claudius"
"Looking","Please Like Me,Transparent"
"Weeds","Nurse Jackie,The Big C,Hung"
"Star Trek: Voyager","Star Trek: Deep Space Nine,Star Trek: Enterprise,Star Trek: The Next Generation"
"Westworld","The Night Of,American Gods,Legion"
"Rick and Morty","Big Mouth,Bob's Burgers,Steven Universe"
"Wet Hot American Summer: First Day of Camp",""
"Constantine","The Punisher,Van Helsing"
"Hannah Montana","Jessie,Good Luck Charlie,Zoey 101"
"Salem","From Dusk Till Dawn: The Series,Dominion,666 Park Avenue"
"All in the Family","Three's Company,The Incredible Hulk,Family Ties"
"Undeclared","Party Down"
"Red Dwarf","Bottom,Blackadder Goes Forth,The Young Ones"
"The Pretender","Early Edition,Life"
"Better Off Ted","Outsourced,Party Down,Undeclared"
"Being Human","Lost Girl,Bitten,Primeval"
"The 10th Kingdom","The 10th Kingdom,Tin Man,Tin Man"
"Poirot","Midsomer Murders,Foyle's War,Murder\, She Wrote"
"Supergirl","Wynonna Earp,Black Lightning,Heroes Reborn"
"The Mindy Project","Happy Endings,The New Normal,Younger"
"Chicago Fire","Chicago P.D.,Rookie Blue,Graceland"
"The Amazing Race","Survivor"
"The Blacklist","Intelligence,Graceland,Legends"
"Mike & Molly","Mom,Last Man Standing,Anger Management"
"The Wire","Treme,The Shield,The Sopranos"
"Three's Company","Family Ties,Happy Days,Growing Pains"
"Line of Duty","Marcella,River,The Missing"
"NCIS","Law & Order: Criminal Intent,Bull,Major Crimes"
"Arthur",""
"The Avengers: Earth's Mightiest Heroes","The New Batman Adventures"
"Anne with an E","Everything Sucks!,The Rain,Maniac"
"An Idiot Abroad","The Ricky Gervais Show,Life's Too Short,Derek"
"Naruto","Fairy Tail,Dragon Ball Z Kai"
"Six Feet Under","In Treatment,Big Love,Carnivàle"
"My Mad Fat Diary","Fresh Meat,Miranda,Please Like Me"
"Tales from the Crypt","Goosebumps"
"The Event","Flashforward,The 4400,Last Resort"
"Da Ali G Show","Life's Too Short,The Ricky Gervais Show"
"Magnum\, P.I.","Miami Vice,The A-Team,Murder\, She Wrote"
"Peep Show","Garth Marenghi's Darkplace"
"Star Trek: Discovery","The Orville,Salvation,The Gifted"
"True Detective","Fargo,Rectify,The Knick"
"Cougar Town","Go On,Happy Endings,Whitney"
"Ballers","Billions,Power,The Brink"
"The Carrie Diaries","The Lying Game,Beverly Hills\, 90210,Life Unexpected"
"Camelot","The White Queen,The Musketeers,Dracula"
"Gargoyles","The New Batman Adventures,Mighty Morphin Power Rangers"
"Xena: Warrior Princess","Hercules: The Legendary Journeys,Charmed,Andromeda"
"Maniac",""
"My Name Is Earl","Raising Hope,Just Shoot Me!,Anger Management"
"Erased","Erased"
"Last Resort","Strike Back,The Last Ship,The Unit"
"Narcos","Gomorrah,American Crime Story,Ballers"
"House","Bones,The Mentalist,Boston Legal"
"Please Like Me","Looking,Fleabag"
"Young & Hungry","Baby Daddy,Melissa & Joey,Girl Meets World"
"MI-5",""
"Twin Peaks","Northern Exposure,The X-Files,Carnivàle"
"Better Call Saul","Fargo,Narcos,Silicon Valley"
"Inside Amy Schumer","Broad City,Transparent"
"Mr Selfridge","Jane Eyre,Mildred Pierce,Victoria"
"Castlevania",""
"CSI: Miami","Law & Order: Criminal Intent,Law & Order,Cold Case"
"Boy Meets World","Girl Meets World,Full House,Family Matters"
"Reaper","No Ordinary Family,Tru Calling,Moonlight"
"Killjoys","Dark Matter,Ascension,12 Monkeys"
"Peaky Blinders","Taboo,Ripper Street,Gomorrah"
"White Collar","Royal Pains,The Glades,Covert Affairs"
"The Handmaid's Tale","Big Little Lies,Sharp Objects,The Sinner"
"South Park","Family Guy,The Simpsons,The Cleveland Show"
"The Big Bang Theory","2 Broke Girls,Anger Management,How I Met Your Mother"
"Bloodline","Rectify,Olive Kitteridge,Bosch"
"The Penguins of Madagascar",""
"Seinfeld","Curb Your Enthusiasm,Frasier,Cheers"
"Horace and Pete","Planet Earth II"
"90210","Beverly Hills\, 90210,The Lying Game,One Tree Hill"
"Justice League","Young Justice,The New Batman Adventures,The Avengers: Earth's Mightiest Heroes"
"Mr. Bean",""
"Gilmore Girls","Parenthood,Everwood,Dawson's Creek"
"Emma","North & South"
"Money Heist","Disenchantment,Salvation,Gypsy"
"The Rain","Maniac"
"Baywatch",""
"Sense8","Humans,Looking,Orphan Black"
"Das Boot",""
"The Fresh Prince of Bel-Air","Family Matters,Everybody Hates Chris,The Cosby Show"
"Hawaii Five-0","The Glades,Blue Bloods,Unforgettable"
"Human Target","Breakout Kings,The Pretender,Life"
"Catastrophe","Fleabag,Love,Olive Kitteridge"
"Boston Legal","Spin City,Shark,Mad About You"
"Top of the Lake","Happy Valley,River,Marcella"
"Blue Planet II","Human Planet,Planet Earth II,Planet Earth"
"Alphas","Continuum,Sanctuary,Haven"
"Batman: The Animated Series","Batman Beyond"
"Mozart in the Jungle","Catastrophe,Hello Ladies"
"Angels in America",""
"Sneaky Pete","Goliath,The Deuce,Counterpart"
"Charmed","Charmed,Ghost Whisperer,Medium"
"Early Edition","The Pretender,Magnum\, P.I."
"Blindspot","Quantico,Stitchers,Limitless"
"Dr. Horrible's Sing-Along Blog","Dollhouse,Dr. Horrible's Sing-Along Blog,Wonderfalls"
"The Exorcist",""
"Coupling","Mad About You"
"Halt and Catch Fire","Boss,Magic City,Rectify"
"How I Met Your Mother","Friends,The Big Bang Theory,2 Broke Girls"
"Over the Garden Wall","Steven Universe,Gravity Falls"
"Robot Chicken","Drawn Together,Aqua Teen Hunger Force,The Boondocks"
"Tyrant","Power,Magic City,The Bridge"
"New Girl","The Mindy Project,Happy Endings,The New Normal"
"The Pillars of the Earth","Camelot,The White Queen,The Borgias"
"Oz","The Shield,Treme,Generation Kill"
"The Flash","Supergirl,Arrow,Constantine"
"Broad City","Inside Amy Schumer,Transparent,Portlandia"
"Life Unexpected","The Lying Game,Beverly Hills\, 90210"
"Dark","The Rain,The Sinner,Maniac"
"Flashforward","The Event,V,The Lost Room"
"Black-ish",""
"Second Chance",""
"Bates Motel","Salem,The Following,The Returned"
"The X-Files","Quantum Leap,Twin Peaks,Xena: Warrior Princess"
"Marcella","River,The Missing,Happy Valley"
"Smallville","No Ordinary Family,Heroes Reborn,Dominion"
"The New Normal","Whitney,Go On"
"True Blood","Big Love,Dracula,The Tudors"
"The Kingdom",""
"Bones","Rizzoli & Isles,Numb3rs,The Finder"
"24: Live Another Day","Taken,Shooter,Designated Survivor"
"Heroes Reborn","Inhumans,Van Helsing,Dominion"
"The L Word",""
"Don't Trust the B---- in Apartment 23","Crazy Ex-Girlfriend,Schitt's Creek,The Crazy Ones"
"Friends","Joey,Dharma & Greg,Go On"
"Counterpart","Godless,The Terror,The Deuce"
"Castle","Rizzoli & Isles,Unforgettable,The Glades"
"The Night Manager","Shooter,River,Goliath"
"Father Ted","Bottom,Blackadder Goes Forth,The Young Ones"
"Glee","American Idol,Smash,The Voice"
"Perception","Unforgettable,Major Crimes,Rizzoli & Isles"
"GLOW","Barry,Wild Wild Country,The Marvelous Mrs. Maisel"
"Rookie Blue","Chicago P.D.,Blue Bloods,Chicago Fire"
"2 Broke Girls","Mom,Mike & Molly,Whitney"
"Ugly Betty","Drop Dead Diva,Dirty Sexy Money,Brothers & Sisters"
"Helix","Extant,Ascension,Dominion"
"I, Claudius","I\, Claudius"
"Star Trek: Enterprise","Star Trek: Deep Space Nine,Star Trek: Voyager,Andromeda"
"Planet Earth II","Wild Wild Country,Frozen Planet,The Blue Planet"
"Atypical","Everything Sucks!,Dear White People,American Vandal"
"Rome","The Borgias,John Adams,The Tudors"
"X-Men","Superman"
"Impractical Jokers",""
"Tru Calling","Dark Angel,Roswell,Moonlight"
"The Young Pope","The Terror,Godless,Gomorrah"
"Fringe","Flashforward,Alcatraz,The Lost Room"
"Sex and the City","Desperate Housewives,Mistresses,Brothers & Sisters"
"Zoey 101","That's So Raven,Good Luck Charlie,Jessie"
"The Voice","American Idol"
"The Shannara Chronicles","Emerald City,The Magicians,Wynonna Earp"
"Reba","What I Like About You,Fuller House,The Nanny"
"The Last Man on Earth","Hello Ladies"
"The Closer","Major Crimes,Law & Order: Criminal Intent,Rizzoli & Isles"
"Magnificent Century",""
"The Walking Dead","Z Nation,Falling Skies,Spartacus"
"Black Books","Father Ted,Spaced,The Young Ones"
"Killing Eve","Sharp Objects,Barry,Castle Rock"
"Z Nation","Zoo,Helix,From Dusk Till Dawn: The Series"
"The White Queen","Victoria,Poldark,The White Queen"
"Death in Paradise","Midsomer Murders,Foyle's War,Miss Fisher's Murder Mysteries"
"Ash vs Evil Dead","Future Man,The Mist,Happy!"
"SpongeBob SquarePants","Drake & Josh,The Cleveland Show,Regular Show"
"My Hero Academia","Erased"
"Jonathan Strange & Mr Norrell","Jonathan Strange & Mr Norrell"
"Teen Wolf","The Originals,Star-Crossed,The Secret Circle"
"Inhumans","Van Helsing,Runaways,Black Lightning"
"The Resident","Castle Rock,The Exorcist"
"Black Mirror","Utopia,Dark,3%"
"Freaks and Geeks","Undeclared,My So-Called Life,Party Down"
"Community","Better Off Ted,30 Rock,Arrested Development"
"DuckTales","Mighty Morphin Power Rangers,Gargoyles"
"Wayward Pines","Resurrection,The Strain,12 Monkeys"
"Sacred Games","Impractical Jokers,Da Vinci's Demons,13 Reasons Why"
"Fresh Meat","Gavin & Stacey"
"Vinyl","Gomorrah"
"Full House","Fuller House,Family Matters,The Nanny"
"Doctor Who","Torchwood,Dr. Horrible's Sing-Along Blog,Merlin"
"ER","Brothers & Sisters,7th Heaven,Private Practice"
"Ascension","Killjoys,Colony,Extant"
"Broadchurch","Happy Valley,Wallander,River"
"Empire","Power"
"Elementary","Perception,Unforgettable,The Finder"
"Gravity Falls","Steven Universe,My Little Pony: Friendship Is Magic"
"Ringer","Mistresses,The Lying Game,666 Park Avenue"
"MacGyver","Magnum\, P.I.,The A-Team,Knight Rider"
"Good Luck Charlie","Jessie,Hannah Montana"
"The Affair","Olive Kitteridge,Bloodline,Rectify"
"Outlander","Outlander,Poldark,The White Queen"
"Scream: The TV Series",""
"Keeping Up Appearances","Absolutely Fabulous"
"The Ren & Stimpy Show","Goosebumps"
"No Ordinary Family","The Pretender"
"Robin Hood","Lonesome Dove"
"Gypsy","The Resident,Wild Wild Country"
"Dawson's Creek","Everwood,Beverly Hills\, 90210,7th Heaven"
"Person of Interest","Human Target,Intelligence,Legends"
"Downton Abbey","Mr Selfridge,Victoria,Poldark"
"MythBusters",""
"Hellsing","Hellsing Ultimate"
"Boardwalk Empire","Treme,Deadwood,The Sopranos"
"Revenge","Mistresses,Ringer,The Lying Game"
"Last Man Standing","Mom,Mike & Molly"
"Stitchers","Blindspot,Second Chance,Wynonna Earp"
"Drake & Josh","Zoey 101,Victorious,That's So Raven"
"Generation War","The Last Kingdom"
"Shooter","The Kingdom"
"Jersey Shore",""
"Roswell","Tru Calling,Moonlight,Dark Angel"
"Pan Am","Smash,Dirty Sexy Money"
"Through the Wormhole",""
"Walker, Texas Ranger","The Incredible Hulk,Baywatch,Taken"
"Warehouse 13","Eureka,Sanctuary,Alphas"
"Sliders","Quantum Leap,Andromeda,Early Edition"
"The Newsroom","The West Wing,Madam Secretary,Veep"
"Terra Nova","Revolution,Last Resort,Falling Skies"
"Iron Fist","The Defenders,Inhumans,Luke Cage"
"Ergo Proxy",""
"American Gods","Legion,Dirk Gently's Holistic Detective Agency,Preacher"
"Private Practice","Brothers & Sisters,Mistresses,7th Heaven"
"Fortitude","The Missing,River,Marcella"
"Legion","Iron Fist,American Gods,Outcast"
"Hell on Wheels","Justified,Magic City,Longmire"
"The New Adventures of Old Christine","Mad About You,Dharma & Greg,Mike & Molly"
"That '70s Show","Home Improvement,What I Like About You,Everybody Hates Chris"
"Nathan for You",""
"Raising Hope","Go On,The Middle,The New Normal"
"ALF",""
"The Legend of Korra","Avatar: The Last Airbender"
"24","24: Live Another Day,The Unit,Taken"
"Portlandia","Broad City,Inside Amy Schumer,Party Down"
"V","The Event,The 4400,Caprica"
"The Secret Circle","Star-Crossed,Bitten,The Lying Game"
"Dark Angel","Tru Calling,Roswell,Alias"
"The Incredible Hulk","Superman"
"Salvation","Van Helsing,Taken,Inhumans"
"Human Planet","Frozen Planet,The Blue Planet,Planet Earth"
"Outsourced","Go On,Better Off Ted"
"TVF Pitchers","Limitless"
"The Librarians","Killjoys,Scorpion,Dominion"
"Frasier","Becker,Cheers,Mad About You"
"According to Jim","Joey,Everybody Loves Raymond,Anger Management"
"My So-Called Life","The Wonder Years,Undeclared"
"A Series of Unfortunate Events",""
"The Leftovers","That '70s Show,Adventure Time,House"
"Dominion","Defiance,Helix,Salem"
"The Expanse","Ascension,Killjoys,Colony"
"UnREAL","Younger,Crazy Ex-Girlfriend,The Good Fight"
"Blue Mountain State","Ballers,Entourage"
"Bottom","The Young Ones"
"Silicon Valley","Hello Ladies,The Brink,Veep"
"Invader ZIM","Regular Show,The Ren & Stimpy Show"
"Parks and Recreation","30 Rock,Portlandia,Veep"
"Danny Phantom","Teen Titans"
"Burn Notice","Royal Pains,The Glades,Life"
"Insatiable",""
"Spaced","Garth Marenghi's Darkplace,Peep Show,Black Books"
"Preacher","Outcast,American Gods,Legion"
"The End of the F***ing World","Everything Sucks!,American Vandal,Atypical"
"Young Sheldon","Insatiable,Inhumans,Taken"
"Dark Matter","Killjoys,Ascension,The Expanse"
"The Pacific","Generation War,Generation Kill,John Adams"
"Big Mouth","Disenchantment,Insatiable,American Vandal"
"The Following","Stalker,The Missing,The Killing"
"America's Next Top Model",""
"The Marvelous Mrs. Maisel","Barry,Killing Eve,Sharp Objects"
"The Secret Life of the American Teenager","The Lying Game,Beverly Hills\, 90210,Baby Daddy"
"Awake","Touch"
"7th Heaven","Everwood,Dawson's Creek,Beverly Hills\, 90210"
"The IT Crowd","Black Books,Father Ted,Garth Marenghi's Darkplace"
"Genius",""
"Poldark","Victoria,Jane Eyre"
"Mom","Mike & Molly,Last Man Standing,The Crazy Ones"
"Lonesome Dove","Lonesome Dove,Lonesome Dove"
"Being Human (US)","Zoo,The Musketeers,Veronica Mars"
"The Boondocks","Afro Samurai,The Venture Bros.,Metalocalypse"
"Brooklyn Nine-Nine","Superstore,The Goldbergs,The Good Place"
"Final Space","Disenchantment,Happy!,Future Man"
"You're the Worst","Catastrophe,Love,Fleabag"
"Reno 911!","Chappelle's Show,Da Ali G Show"
"Rectify","Olive Kitteridge,Bloodline,Bosch"
"The Glades","Life,Crossing Lines,The Finder"
"American Horror Story","Scream Queens,Bates Motel,Salem"
"Shark","Fringe,The Good Fight,The Unit"
"My Little Pony: Friendship Is Magic",""
"Justified","Southland,Longmire,The Shield"
"Grimm","Sleepy Hollow,Haven,Bitten"
"'Allo 'Allo!","Blackadder Goes Forth"
"Superstore","The Mick,Schitt's Creek,Crazy Ex-Girlfriend"
"Into the Badlands","12 Monkeys,Van Helsing,Outcast"
"Orphan Black","The Returned,Humans,Sense8"
"Schitt's Creek",""
"Believe","Resurrection,Intelligence,Star-Crossed"
"Fairy Tail",""
"Deadwood","Justified,Treme,Carnivàle"
"Pretty Little Liars","The Lying Game,The Carrie Diaries,90210"
"How to Get Away with Murder","Scandal,Stalker,Empire"
"Samurai Jack","Afro Samurai,Johnny Bravo,Batman Beyond"
"The Alienist","The Terror,Happy!,The Sinner"
"Nashville",""
"Ray Donovan","Magic City,Bosch,Banshee"
"Girl Meets World","Jessie,Young & Hungry,Fuller House"
"M*A*S*H","Moonlighting,Cheers,The A-Team"
"Extras","Life's Too Short,The Ricky Gervais Show,Derek"
"NCIS: Los Angeles","Blue Bloods,Major Crimes,Flashpoint"
